Employee_ID,Department,Company_Origin,Tenure,Salary,HireDate,PerformanceScore,Work_Rating,weight,perf_norm,output_est,output_per_cost
ID000001,Research & Department,TechNova,16,65000,2017-04-12,1,A,3,0.0,3.0,4.615384615384615e-05
ID000002,Research & Department,TechNova,15,74000,2008-07-18,2,A,3,0.25,3.1500000000000004,4.256756756756757e-05
ID000003,Research & Department,TechNova,12,77000,2012-03-23,5,A,3,1.0,3.5999999999999996,4.6753246753246746e-05
ID000004,Research & Department,TechNova,2,77000,2016-11-02,3,A,3,0.5,3.3000000000000003,4.285714285714286e-05
ID000005,Research & Department,TechNova,9,61000,2005-08-10,4,A,3,0.75,3.4499999999999997,5.6557377049180324e-05
ID000006,Research & Department,TechNova,19,76000,2013-02-05,2,A,3,0.25,3.1500000000000004,4.1447368421052636e-05
ID000007,Research & Department,TechNova,2,40000,2013-12-10,4,B,2,0.75,2.3,5.7499999999999995e-05
ID000008,Research & Department,TechNova,21,32000,2007-08-28,4,B,2,0.75,2.3,7.1875e-05
ID000009,Research & Department,TechNova,25,41000,2010-09-01,5,B,2,1.0,2.4,5.853658536585366e-05
ID000010,Research & Department,TechNova,9,45000,2010-09-06,1,B,2,0.0,2.0,4.4444444444444447e-05
ID000011,Research & Department,TechNova,18,45000,2020-09-01,2,B,2,0.25,2.1,4.666666666666667e-05
ID000012,Research & Department,TechNova,17,46000,2024-02-07,1,B,2,0.0,2.0,4.347826086956522e-05
ID000013,Research & Department,TechNova,9,46000,2010-01-22,3,B,2,0.5,2.2,4.782608695652174e-05
ID000014,Research & Department,TechNova,14,35000,2015-12-19,4,B,2,0.75,2.3,6.571428571428571e-05
ID000015,Research & Department,TechNova,4,48000,2015-10-27,2,B,2,0.25,2.1,4.375e-05
ID000016,Research & Department,TechNova,25,33000,2007-03-04,5,B,2,1.0,2.4,7.272727272727273e-05
ID000017,Research & Department,TechNova,22,36000,2010-01-06,5,B,2,1.0,2.4,6.666666666666667e-05
ID000018,Research & Department,TechNova,9,41000,2017-05-16,2,B,2,0.25,2.1,5.121951219512195e-05
ID000019,Research & Department,TechNova,14,44000,2020-11-16,4,B,2,0.75,2.3,5.227272727272727e-05
ID000020,Research & Department,TechNova,10,38000,2013-07-25,4,B,2,0.75,2.3,6.052631578947368e-05
ID000021,Research & Department,TechNova,19,46000,2006-01-06,4,B,2,0.75,2.3,4.9999999999999996e-05
ID000022,Research & Department,TechNova,10,47000,2020-09-06,4,B,2,0.75,2.3,4.8936170212765954e-05
ID000023,Research & Department,TechNova,22,43000,2011-11-25,5,B,2,1.0,2.4,5.581395348837209e-05
ID000024,Research & Department,TechNova,25,40000,2020-04-17,2,B,2,0.25,2.1,5.25e-05
ID000025,Research & Department,TechNova,13,31000,2008-01-26,1,B,2,0.0,2.0,6.451612903225807e-05
ID000026,Research & Department,TechNova,23,35000,2018-05-14,1,B,2,0.0,2.0,5.714285714285714e-05
ID000027,Research & Department,TechNova,25,37000,2004-10-19,3,B,2,0.5,2.2,5.9459459459459466e-05
ID000028,Research & Department,TechNova,5,48000,2021-11-05,5,B,2,1.0,2.4,4.9999999999999996e-05
ID000029,Research & Department,TechNova,8,42000,2010-10-22,3,B,2,0.5,2.2,5.2380952380952384e-05
ID000030,Research & Department,TechNova,21,47000,2013-01-10,3,B,2,0.5,2.2,4.680851063829788e-05
ID000031,Research & Department,TechNova,3,46000,2022-12-22,3,B,2,0.5,2.2,4.782608695652174e-05
ID000032,Research & Department,TechNova,11,32000,2018-06-23,2,B,2,0.25,2.1,6.562500000000001e-05
ID000033,Research & Department,TechNova,17,43000,2015-09-20,2,B,2,0.25,2.1,4.8837209302325587e-05
ID000034,Research & Department,TechNova,14,45000,2016-12-14,5,B,2,1.0,2.4,5.333333333333333e-05
ID000035,Research & Department,TechNova,18,33000,2017-02-20,3,B,2,0.5,2.2,6.666666666666667e-05
ID000036,Research & Department,TechNova,20,49000,2023-01-02,2,B,2,0.25,2.1,4.2857142857142856e-05
ID000037,Research & Department,TechNova,21,14000,2010-12-04,5,C,1,1.0,1.2,8.571428571428571e-05
ID000038,Research & Department,TechNova,4,11000,2008-12-02,4,C,1,0.75,1.15,0.00010454545454545454
ID000039,Research & Department,TechNova,7,27000,2008-04-29,5,C,1,1.0,1.2,4.444444444444444e-05
ID000040,Research & Department,TechNova,11,30000,2019-09-09,2,C,1,0.25,1.05,3.5000000000000004e-05
ID000041,Research & Department,TechNova,16,21000,2008-05-18,2,C,1,0.25,1.05,5e-05
ID000042,Research & Department,TechNova,23,12000,2007-08-02,3,C,1,0.5,1.1,9.166666666666667e-05
ID000043,Research & Department,TechNova,25,22000,2020-04-09,4,C,1,0.75,1.15,5.227272727272727e-05
ID000044,Research & Department,TechNova,7,10000,2023-12-03,4,C,1,0.75,1.15,0.00011499999999999999
ID000045,Research & Department,TechNova,25,15000,2018-05-04,4,C,1,0.75,1.15,7.666666666666666e-05
ID000046,Research & Department,TechNova,15,24000,2012-12-10,1,C,1,0.0,1.0,4.1666666666666665e-05
ID000047,Research & Department,TechNova,16,11000,2007-01-01,4,C,1,0.75,1.15,0.00010454545454545454
ID000048,Research & Department,TechNova,3,11000,2006-04-11,2,C,1,0.25,1.05,9.545454545454546e-05
ID000049,Research & Department,TechNova,1,12000,2015-11-29,2,C,1,0.25,1.05,8.75e-05
ID000050,Research & Department,TechNova,23,28000,2011-03-31,5,C,1,1.0,1.2,4.2857142857142856e-05
ID000051,Research & Department,DataVerse,24,70000,2013-02-06,3,A,3,0.5,3.3000000000000003,4.714285714285715e-05
ID000052,Research & Department,DataVerse,2,68000,2022-06-09,3,A,3,0.5,3.3000000000000003,4.8529411764705885e-05
ID000053,Research & Department,DataVerse,1,85000,2022-01-18,3,A,3,0.5,3.3000000000000003,3.882352941176471e-05
ID000054,Research & Department,DataVerse,12,78000,2013-08-26,2,A,3,0.25,3.1500000000000004,4.038461538461539e-05
ID000055,Research & Department,DataVerse,12,64000,2019-06-27,2,A,3,0.25,3.1500000000000004,4.921875000000001e-05
ID000056,Research & Department,DataVerse,21,77000,2020-05-08,4,A,3,0.75,3.4499999999999997,4.4805194805194805e-05
ID000057,Research & Department,DataVerse,9,64000,2009-05-28,5,A,3,1.0,3.5999999999999996,5.624999999999999e-05
ID000058,Research & Department,DataVerse,11,71000,2014-11-14,5,A,3,1.0,3.5999999999999996,5.070422535211267e-05
ID000059,Research & Department,DataVerse,1,74000,2010-02-19,4,A,3,0.75,3.4499999999999997,4.6621621621621615e-05
ID000060,Research & Department,DataVerse,23,82000,2011-12-07,4,A,3,0.75,3.4499999999999997,4.207317073170731e-05
ID000061,Research & Department,DataVerse,1,40000,2019-07-22,5,B,2,1.0,2.4,5.9999999999999995e-05
ID000062,Research & Department,DataVerse,16,46000,2009-03-15,2,B,2,0.25,2.1,4.565217391304348e-05
ID000063,Research & Department,DataVerse,6,44000,2011-10-18,2,B,2,0.25,2.1,4.772727272727273e-05
ID000064,Research & Department,DataVerse,11,36000,2020-02-01,1,B,2,0.0,2.0,5.555555555555556e-05
ID000065,Research & Department,DataVerse,5,32000,2006-07-15,1,B,2,0.0,2.0,6.25e-05
ID000066,Research & Department,DataVerse,1,48000,2008-04-01,1,B,2,0.0,2.0,4.1666666666666665e-05
ID000067,Research & Department,DataVerse,13,33000,2009-09-29,1,B,2,0.0,2.0,6.0606060606060605e-05
ID000068,Research & Department,DataVerse,23,33000,2012-01-02,2,B,2,0.25,2.1,6.363636363636364e-05
ID000069,Research & Department,DataVerse,2,32000,2014-04-03,5,B,2,1.0,2.4,7.5e-05
ID000070,Research & Department,DataVerse,14,46000,2024-03-13,5,B,2,1.0,2.4,5.2173913043478256e-05
ID000071,Research & Department,DataVerse,14,46000,2017-09-26,2,B,2,0.25,2.1,4.565217391304348e-05
ID000072,Research & Department,DataVerse,23,35000,2021-01-10,2,B,2,0.25,2.1,6e-05
ID000073,Research & Department,DataVerse,19,42000,2007-05-11,3,B,2,0.5,2.2,5.2380952380952384e-05
ID000074,Research & Department,DataVerse,13,49000,2023-09-12,4,B,2,0.75,2.3,4.693877551020408e-05
ID000075,Research & Department,DataVerse,14,50000,2013-03-16,4,B,2,0.75,2.3,4.599999999999999e-05
ID000076,Research & Department,DataVerse,17,42000,2013-04-10,4,B,2,0.75,2.3,5.476190476190476e-05
ID000077,Research & Department,DataVerse,23,34000,2008-08-26,2,B,2,0.25,2.1,6.176470588235295e-05
ID000078,Research & Department,DataVerse,12,49000,2009-09-01,1,B,2,0.0,2.0,4.0816326530612245e-05
ID000079,Research & Department,DataVerse,1,35000,2011-01-19,3,B,2,0.5,2.2,6.285714285714286e-05
ID000080,Research & Department,DataVerse,11,49000,2016-07-27,2,B,2,0.25,2.1,4.2857142857142856e-05
ID000081,Research & Department,DataVerse,20,47000,2007-11-04,1,B,2,0.0,2.0,4.2553191489361704e-05
ID000082,Research & Department,DataVerse,23,43000,2010-11-04,5,B,2,1.0,2.4,5.581395348837209e-05
ID000083,Research & Department,DataVerse,4,41000,2013-10-16,4,B,2,0.75,2.3,5.609756097560975e-05
ID000084,Research & Department,DataVerse,24,43000,2009-06-02,4,B,2,0.75,2.3,5.348837209302325e-05
ID000085,Research & Department,DataVerse,18,35000,2022-10-02,1,B,2,0.0,2.0,5.714285714285714e-05
ID000086,Research & Department,DataVerse,4,41000,2020-02-22,5,B,2,1.0,2.4,5.853658536585366e-05
ID000087,Research & Department,DataVerse,16,47000,2019-06-03,2,B,2,0.25,2.1,4.468085106382979e-05
ID000088,Research & Department,DataVerse,21,48000,2005-06-05,2,B,2,0.25,2.1,4.375e-05
ID000089,Research & Department,DataVerse,8,33000,2024-02-03,1,B,2,0.0,2.0,6.0606060606060605e-05
ID000090,Research & Department,DataVerse,7,50000,2015-05-14,1,B,2,0.0,2.0,4e-05
ID000091,Research & Department,DataVerse,25,37000,2011-07-14,3,B,2,0.5,2.2,5.9459459459459466e-05
ID000092,Research & Department,DataVerse,18,41000,2010-01-02,2,B,2,0.25,2.1,5.121951219512195e-05
ID000093,Research & Department,DataVerse,15,45000,2023-12-29,4,B,2,0.75,2.3,5.111111111111111e-05
ID000094,Research & Department,DataVerse,3,50000,2013-10-24,2,B,2,0.25,2.1,4.2000000000000004e-05
ID000095,Research & Department,DataVerse,5,49000,2016-02-10,3,B,2,0.5,2.2,4.4897959183673474e-05
ID000096,Research & Department,DataVerse,13,47000,2005-12-10,3,B,2,0.5,2.2,4.680851063829788e-05
ID000097,Research & Department,DataVerse,4,37000,2006-01-13,3,B,2,0.5,2.2,5.9459459459459466e-05
ID000098,Research & Department,DataVerse,7,45000,2011-01-01,1,B,2,0.0,2.0,4.4444444444444447e-05
ID000099,Research & Department,DataVerse,11,31000,2010-08-17,4,B,2,0.75,2.3,7.419354838709677e-05
ID000100,Research & Department,DataVerse,24,35000,2009-07-07,3,B,2,0.5,2.2,6.285714285714286e-05
ID000101,Research & Department,DataVerse,7,31000,2012-03-22,4,B,2,0.75,2.3,7.419354838709677e-05
ID000102,Research & Department,DataVerse,19,33000,2019-08-12,1,B,2,0.0,2.0,6.0606060606060605e-05
ID000103,Research & Department,DataVerse,1,46000,2017-11-30,4,B,2,0.75,2.3,4.9999999999999996e-05
ID000104,Research & Department,DataVerse,20,36000,2015-03-07,4,B,2,0.75,2.3,6.388888888888888e-05
ID000105,Research & Department,DataVerse,4,27000,2015-11-07,3,C,1,0.5,1.1,4.0740740740740745e-05
ID000106,Research & Department,DataVerse,13,30000,2009-10-28,1,C,1,0.0,1.0,3.3333333333333335e-05
ID000107,Research & Department,DataVerse,6,11000,2023-09-29,3,C,1,0.5,1.1,0.0001
ID000108,Research & Department,DataVerse,5,14000,2013-02-28,3,C,1,0.5,1.1,7.857142857142858e-05
ID000109,Research & Department,DataVerse,14,26000,2020-06-08,4,C,1,0.75,1.15,4.4230769230769226e-05
ID000110,Research & Department,DataVerse,9,11000,2012-03-13,3,C,1,0.5,1.1,0.0001
ID000111,Research & Department,DataVerse,23,26000,2008-04-23,1,C,1,0.0,1.0,3.846153846153846e-05
ID000112,Research & Department,DataVerse,22,24000,2020-02-02,4,C,1,0.75,1.15,4.791666666666666e-05
ID000113,Research & Department,DataVerse,10,16000,2009-12-04,4,C,1,0.75,1.15,7.1875e-05
ID000114,Research & Department,DataVerse,6,25000,2010-09-17,1,C,1,0.0,1.0,4e-05
ID000115,Research & Department,DataVerse,23,10000,2008-08-06,5,C,1,1.0,1.2,0.00011999999999999999
ID000116,Research & Department,DataVerse,7,18000,2009-10-03,4,C,1,0.75,1.15,6.388888888888888e-05
ID000117,Research & Department,DataVerse,5,19000,2011-10-27,4,C,1,0.75,1.15,6.052631578947368e-05
ID000118,Research & Department,DataVerse,17,27000,2015-07-19,1,C,1,0.0,1.0,3.7037037037037037e-05
ID000119,Research & Department,DataVerse,23,29000,2014-06-16,4,C,1,0.75,1.15,3.96551724137931e-05
ID000120,Research & Department,DataVerse,2,25000,2014-03-30,5,C,1,1.0,1.2,4.8e-05
ID000121,Customer Experience,TechNova,22,90000,2015-09-28,5,A,3,1.0,3.5999999999999996,3.9999999999999996e-05
ID000122,Customer Experience,TechNova,14,61000,2014-04-25,4,A,3,0.75,3.4499999999999997,5.6557377049180324e-05
ID000123,Customer Experience,TechNova,2,67000,2011-03-20,4,A,3,0.75,3.4499999999999997,5.149253731343283e-05
ID000124,Customer Experience,TechNova,23,65000,2023-09-09,5,A,3,1.0,3.5999999999999996,5.538461538461538e-05
ID000125,Customer Experience,TechNova,18,62000,2015-04-24,3,A,3,0.5,3.3000000000000003,5.3225806451612906e-05
ID000126,Customer Experience,TechNova,13,66000,2012-04-25,3,A,3,0.5,3.3000000000000003,5e-05
ID000127,Customer Experience,TechNova,11,86000,2022-04-30,3,A,3,0.5,3.3000000000000003,3.837209302325582e-05
ID000128,Customer Experience,TechNova,6,83000,2008-04-11,5,A,3,1.0,3.5999999999999996,4.337349397590361e-05
ID000129,Customer Experience,TechNova,10,86000,2019-07-20,2,A,3,0.25,3.1500000000000004,3.662790697674419e-05
ID000130,Customer Experience,TechNova,16,78000,2023-10-20,3,A,3,0.5,3.3000000000000003,4.2307692307692314e-05
ID000131,Customer Experience,TechNova,7,75000,2020-11-26,5,A,3,1.0,3.5999999999999996,4.7999999999999994e-05
ID000132,Customer Experience,TechNova,5,83000,2008-06-06,3,A,3,0.5,3.3000000000000003,3.9759036144578314e-05
ID000133,Customer Experience,TechNova,17,50000,2019-02-17,3,B,2,0.5,2.2,4.4000000000000006e-05
ID000134,Customer Experience,TechNova,20,35000,2022-12-24,2,B,2,0.25,2.1,6e-05
ID000135,Customer Experience,TechNova,8,50000,2007-04-18,4,B,2,0.75,2.3,4.599999999999999e-05
ID000136,Customer Experience,TechNova,23,50000,2023-01-14,1,B,2,0.0,2.0,4e-05
ID000137,Customer Experience,TechNova,6,41000,2004-07-27,3,B,2,0.5,2.2,5.3658536585365855e-05
ID000138,Customer Experience,TechNova,7,45000,2019-10-14,5,B,2,1.0,2.4,5.333333333333333e-05
ID000139,Customer Experience,TechNova,24,40000,2008-12-26,5,B,2,1.0,2.4,5.9999999999999995e-05
ID000140,Customer Experience,TechNova,13,42000,2020-07-05,5,B,2,1.0,2.4,5.714285714285714e-05
ID000141,Customer Experience,TechNova,3,43000,2014-02-02,3,B,2,0.5,2.2,5.1162790697674425e-05
ID000142,Customer Experience,TechNova,13,39000,2016-08-21,1,B,2,0.0,2.0,5.128205128205128e-05
ID000143,Customer Experience,TechNova,24,36000,2015-01-19,3,B,2,0.5,2.2,6.111111111111112e-05
ID000144,Customer Experience,TechNova,6,39000,2008-09-03,2,B,2,0.25,2.1,5.384615384615385e-05
ID000145,Customer Experience,TechNova,17,43000,2011-03-26,4,B,2,0.75,2.3,5.348837209302325e-05
ID000146,Customer Experience,TechNova,23,48000,2007-12-18,4,B,2,0.75,2.3,4.791666666666666e-05
ID000147,Customer Experience,TechNova,17,31000,2023-07-25,1,B,2,0.0,2.0,6.451612903225807e-05
ID000148,Customer Experience,TechNova,16,34000,2020-12-18,2,B,2,0.25,2.1,6.176470588235295e-05
ID000149,Customer Experience,TechNova,8,34000,2012-05-19,1,B,2,0.0,2.0,5.882352941176471e-05
ID000150,Customer Experience,TechNova,25,46000,2011-05-05,3,B,2,0.5,2.2,4.782608695652174e-05
ID000151,Customer Experience,TechNova,2,31000,2011-05-28,4,B,2,0.75,2.3,7.419354838709677e-05
ID000152,Customer Experience,TechNova,7,43000,2012-10-07,5,B,2,1.0,2.4,5.581395348837209e-05
ID000153,Customer Experience,TechNova,4,45000,2017-04-05,1,B,2,0.0,2.0,4.4444444444444447e-05
ID000154,Customer Experience,TechNova,21,31000,2010-02-03,1,B,2,0.0,2.0,6.451612903225807e-05
ID000155,Customer Experience,TechNova,23,34000,2011-10-06,4,B,2,0.75,2.3,6.76470588235294e-05
ID000156,Customer Experience,TechNova,22,37000,2015-11-07,4,B,2,0.75,2.3,6.216216216216216e-05
ID000157,Customer Experience,TechNova,12,45000,2021-11-09,3,B,2,0.5,2.2,4.888888888888889e-05
ID000158,Customer Experience,TechNova,10,38000,2005-08-08,5,B,2,1.0,2.4,6.31578947368421e-05
ID000159,Customer Experience,TechNova,1,39000,2012-07-04,2,B,2,0.25,2.1,5.384615384615385e-05
ID000160,Customer Experience,TechNova,11,38000,2005-02-11,2,B,2,0.25,2.1,5.5263157894736845e-05
ID000161,Customer Experience,TechNova,8,34000,2005-07-09,3,B,2,0.5,2.2,6.470588235294118e-05
ID000162,Customer Experience,TechNova,13,40000,2013-06-27,1,B,2,0.0,2.0,5e-05
ID000163,Customer Experience,TechNova,16,33000,2014-10-30,1,B,2,0.0,2.0,6.0606060606060605e-05
ID000164,Customer Experience,TechNova,22,38000,2008-04-04,5,B,2,1.0,2.4,6.31578947368421e-05
ID000165,Customer Experience,TechNova,23,36000,2013-05-16,5,B,2,1.0,2.4,6.666666666666667e-05
ID000166,Customer Experience,TechNova,3,39000,2008-09-30,2,B,2,0.25,2.1,5.384615384615385e-05
ID000167,Customer Experience,TechNova,7,33000,2008-06-16,3,B,2,0.5,2.2,6.666666666666667e-05
ID000168,Customer Experience,TechNova,5,32000,2024-02-04,4,B,2,0.75,2.3,7.1875e-05
ID000169,Customer Experience,TechNova,17,46000,2005-04-26,3,B,2,0.5,2.2,4.782608695652174e-05
ID000170,Customer Experience,TechNova,3,36000,2015-09-03,5,B,2,1.0,2.4,6.666666666666667e-05
ID000171,Customer Experience,TechNova,19,33000,2022-09-29,2,B,2,0.25,2.1,6.363636363636364e-05
ID000172,Customer Experience,TechNova,25,49000,2017-04-19,1,B,2,0.0,2.0,4.0816326530612245e-05
ID000173,Customer Experience,TechNova,10,40000,2013-09-05,3,B,2,0.5,2.2,5.5e-05
ID000174,Customer Experience,TechNova,10,48000,2016-05-27,2,B,2,0.25,2.1,4.375e-05
ID000175,Customer Experience,TechNova,9,49000,2014-07-23,2,B,2,0.25,2.1,4.2857142857142856e-05
ID000176,Customer Experience,TechNova,7,41000,2012-04-14,1,B,2,0.0,2.0,4.878048780487805e-05
ID000177,Customer Experience,TechNova,17,35000,2005-11-25,3,B,2,0.5,2.2,6.285714285714286e-05
ID000178,Customer Experience,TechNova,1,16000,2014-04-23,5,C,1,1.0,1.2,7.5e-05
ID000179,Customer Experience,TechNova,9,26000,2008-10-14,2,C,1,0.25,1.05,4.038461538461539e-05
ID000180,Customer Experience,TechNova,11,27000,2004-09-02,5,C,1,1.0,1.2,4.444444444444444e-05
ID000181,Customer Experience,TechNova,3,26000,2022-07-01,3,C,1,0.5,1.1,4.2307692307692314e-05
ID000182,Customer Experience,TechNova,23,24000,2024-06-08,4,C,1,0.75,1.15,4.791666666666666e-05
ID000183,Customer Experience,TechNova,25,25000,2018-06-19,5,C,1,1.0,1.2,4.8e-05
ID000184,Customer Experience,TechNova,21,22000,2005-10-19,5,C,1,1.0,1.2,5.4545454545454546e-05
ID000185,Customer Experience,TechNova,12,13000,2023-02-10,1,C,1,0.0,1.0,7.692307692307693e-05
ID000186,Customer Experience,TechNova,4,28000,2005-08-16,5,C,1,1.0,1.2,4.2857142857142856e-05
ID000187,Customer Experience,TechNova,16,30000,2018-03-10,3,C,1,0.5,1.1,3.666666666666667e-05
ID000188,Customer Experience,TechNova,7,26000,2008-02-01,3,C,1,0.5,1.1,4.2307692307692314e-05
ID000189,Customer Experience,TechNova,14,17000,2012-04-07,2,C,1,0.25,1.05,6.176470588235295e-05
ID000190,Customer Experience,TechNova,12,12000,2010-05-15,3,C,1,0.5,1.1,9.166666666666667e-05
ID000191,Customer Experience,TechNova,25,11000,2014-10-26,5,C,1,1.0,1.2,0.00010909090909090909
ID000192,Customer Experience,TechNova,10,18000,2010-03-25,5,C,1,1.0,1.2,6.666666666666667e-05
ID000193,Customer Experience,TechNova,1,27000,2015-05-12,5,C,1,1.0,1.2,4.444444444444444e-05
ID000194,Customer Experience,TechNova,15,19000,2007-07-15,1,C,1,0.0,1.0,5.2631578947368424e-05
ID000195,Customer Experience,TechNova,18,12000,2016-09-09,4,C,1,0.75,1.15,9.583333333333332e-05
ID000196,Customer Experience,DataVerse,23,84000,2016-11-21,5,A,3,1.0,3.5999999999999996,4.2857142857142856e-05
ID000197,Customer Experience,DataVerse,3,74000,2010-05-11,4,A,3,0.75,3.4499999999999997,4.6621621621621615e-05
ID000198,Customer Experience,DataVerse,13,64000,2022-02-24,1,A,3,0.0,3.0,4.6875e-05
ID000199,Customer Experience,DataVerse,7,72000,2009-11-22,5,A,3,1.0,3.5999999999999996,4.9999999999999996e-05
ID000200,Customer Experience,DataVerse,18,67000,2020-10-17,5,A,3,1.0,3.5999999999999996,5.3731343283582087e-05
ID000201,Customer Experience,DataVerse,24,77000,2009-05-10,4,A,3,0.75,3.4499999999999997,4.4805194805194805e-05
ID000202,Customer Experience,DataVerse,11,78000,2008-10-25,5,A,3,1.0,3.5999999999999996,4.615384615384615e-05
ID000203,Customer Experience,DataVerse,9,70000,2015-04-24,5,A,3,1.0,3.5999999999999996,5.142857142857142e-05
ID000204,Customer Experience,DataVerse,3,31000,2009-01-28,4,B,2,0.75,2.3,7.419354838709677e-05
ID000205,Customer Experience,DataVerse,10,46000,2014-10-13,1,B,2,0.0,2.0,4.347826086956522e-05
ID000206,Customer Experience,DataVerse,24,37000,2016-06-08,3,B,2,0.5,2.2,5.9459459459459466e-05
ID000207,Customer Experience,DataVerse,14,35000,2017-12-23,1,B,2,0.0,2.0,5.714285714285714e-05
ID000208,Customer Experience,DataVerse,16,41000,2016-04-03,2,B,2,0.25,2.1,5.121951219512195e-05
ID000209,Customer Experience,DataVerse,3,40000,2005-04-06,3,B,2,0.5,2.2,5.5e-05
ID000210,Customer Experience,DataVerse,3,45000,2010-12-12,1,B,2,0.0,2.0,4.4444444444444447e-05
ID000211,Customer Experience,DataVerse,7,42000,2023-07-12,3,B,2,0.5,2.2,5.2380952380952384e-05
ID000212,Customer Experience,DataVerse,11,31000,2021-05-11,3,B,2,0.5,2.2,7.096774193548388e-05
ID000213,Customer Experience,DataVerse,16,48000,2010-06-06,1,B,2,0.0,2.0,4.1666666666666665e-05
ID000214,Customer Experience,DataVerse,12,46000,2019-09-13,5,B,2,1.0,2.4,5.2173913043478256e-05
ID000215,Customer Experience,DataVerse,22,50000,2008-05-11,1,B,2,0.0,2.0,4e-05
ID000216,Customer Experience,DataVerse,23,45000,2014-11-14,5,B,2,1.0,2.4,5.333333333333333e-05
ID000217,Customer Experience,DataVerse,3,43000,2014-11-16,5,B,2,1.0,2.4,5.581395348837209e-05
ID000218,Customer Experience,DataVerse,14,44000,2018-07-31,2,B,2,0.25,2.1,4.772727272727273e-05
ID000219,Customer Experience,DataVerse,14,36000,2015-05-05,2,B,2,0.25,2.1,5.833333333333333e-05
ID000220,Customer Experience,DataVerse,25,48000,2010-03-31,5,B,2,1.0,2.4,4.9999999999999996e-05
ID000221,Customer Experience,DataVerse,24,48000,2009-04-13,3,B,2,0.5,2.2,4.5833333333333334e-05
ID000222,Customer Experience,DataVerse,5,40000,2020-03-21,2,B,2,0.25,2.1,5.25e-05
ID000223,Customer Experience,DataVerse,7,40000,2005-11-14,3,B,2,0.5,2.2,5.5e-05
ID000224,Customer Experience,DataVerse,2,35000,2016-10-20,5,B,2,1.0,2.4,6.857142857142857e-05
ID000225,Customer Experience,DataVerse,16,36000,2015-11-10,4,B,2,0.75,2.3,6.388888888888888e-05
ID000226,Customer Experience,DataVerse,3,40000,2005-06-30,5,B,2,1.0,2.4,5.9999999999999995e-05
ID000227,Customer Experience,DataVerse,11,39000,2004-08-21,3,B,2,0.5,2.2,5.6410256410256414e-05
ID000228,Customer Experience,DataVerse,14,33000,2022-02-04,3,B,2,0.5,2.2,6.666666666666667e-05
ID000229,Customer Experience,DataVerse,17,44000,2006-10-01,3,B,2,0.5,2.2,5e-05
ID000230,Customer Experience,DataVerse,20,48000,2014-07-27,1,B,2,0.0,2.0,4.1666666666666665e-05
ID000231,Customer Experience,DataVerse,12,45000,2022-02-17,1,B,2,0.0,2.0,4.4444444444444447e-05
ID000232,Customer Experience,DataVerse,1,34000,2011-11-02,1,B,2,0.0,2.0,5.882352941176471e-05
ID000233,Customer Experience,DataVerse,4,37000,2020-10-22,3,B,2,0.5,2.2,5.9459459459459466e-05
ID000234,Customer Experience,DataVerse,11,49000,2010-05-01,2,B,2,0.25,2.1,4.2857142857142856e-05
ID000235,Customer Experience,DataVerse,14,17000,2009-09-21,1,C,1,0.0,1.0,5.882352941176471e-05
ID000236,Customer Experience,DataVerse,17,28000,2006-04-28,1,C,1,0.0,1.0,3.571428571428572e-05
ID000237,Customer Experience,DataVerse,1,13000,2011-04-09,3,C,1,0.5,1.1,8.461538461538463e-05
ID000238,Customer Experience,DataVerse,2,25000,2008-03-29,5,C,1,1.0,1.2,4.8e-05
ID000239,Customer Experience,DataVerse,25,16000,2009-02-14,1,C,1,0.0,1.0,6.25e-05
ID000240,Customer Experience,DataVerse,8,12000,2008-08-12,5,C,1,1.0,1.2,9.999999999999999e-05
ID000241,Customer Experience,DataVerse,15,13000,2020-05-12,3,C,1,0.5,1.1,8.461538461538463e-05
ID000242,Customer Experience,DataVerse,17,23000,2012-10-25,3,C,1,0.5,1.1,4.782608695652174e-05
ID000243,Customer Experience,DataVerse,8,30000,2018-06-06,4,C,1,0.75,1.15,3.833333333333333e-05
ID000244,Customer Experience,DataVerse,22,13000,2010-07-14,5,C,1,1.0,1.2,9.23076923076923e-05
ID000245,Customer Experience,DataVerse,9,16000,2008-08-29,5,C,1,1.0,1.2,7.5e-05
ID000246,Sales and Marketing,TechNova,10,77000,2018-05-20,1,A,3,0.0,3.0,3.896103896103896e-05
ID000247,Sales and Marketing,TechNova,17,87000,2016-03-01,4,A,3,0.75,3.4499999999999997,3.96551724137931e-05
ID000248,Sales and Marketing,TechNova,22,61000,2009-12-05,1,A,3,0.0,3.0,4.9180327868852456e-05
ID000249,Sales and Marketing,TechNova,9,63000,2022-09-03,4,A,3,0.75,3.4499999999999997,5.476190476190476e-05
ID000250,Sales and Marketing,TechNova,13,88000,2007-07-15,2,A,3,0.25,3.1500000000000004,3.579545454545455e-05
ID000251,Sales and Marketing,TechNova,21,68000,2022-06-15,1,A,3,0.0,3.0,4.411764705882353e-05
ID000252,Sales and Marketing,TechNova,4,62000,2015-08-28,2,A,3,0.25,3.1500000000000004,5.080645161290323e-05
ID000253,Sales and Marketing,TechNova,15,79000,2015-08-19,1,A,3,0.0,3.0,3.79746835443038e-05
ID000254,Sales and Marketing,TechNova,9,87000,2017-05-27,5,A,3,1.0,3.5999999999999996,4.137931034482758e-05
ID000255,Sales and Marketing,TechNova,19,79000,2015-07-01,5,A,3,1.0,3.5999999999999996,4.5569620253164554e-05
ID000256,Sales and Marketing,TechNova,13,78000,2012-12-12,1,A,3,0.0,3.0,3.846153846153846e-05
ID000257,Sales and Marketing,TechNova,19,78000,2006-09-18,4,A,3,0.75,3.4499999999999997,4.4230769230769226e-05
ID000258,Sales and Marketing,TechNova,17,67000,2010-12-20,2,A,3,0.25,3.1500000000000004,4.7014925373134335e-05
ID000259,Sales and Marketing,TechNova,20,89000,2012-12-31,2,A,3,0.25,3.1500000000000004,3.5393258426966294e-05
ID000260,Sales and Marketing,TechNova,13,72000,2011-04-30,1,A,3,0.0,3.0,4.1666666666666665e-05
ID000261,Sales and Marketing,TechNova,23,35000,2022-11-21,4,B,2,0.75,2.3,6.571428571428571e-05
ID000262,Sales and Marketing,TechNova,10,45000,2009-11-10,3,B,2,0.5,2.2,4.888888888888889e-05
ID000263,Sales and Marketing,TechNova,9,33000,2023-03-27,1,B,2,0.0,2.0,6.0606060606060605e-05
ID000264,Sales and Marketing,TechNova,21,35000,2017-05-02,5,B,2,1.0,2.4,6.857142857142857e-05
ID000265,Sales and Marketing,TechNova,6,43000,2012-08-04,3,B,2,0.5,2.2,5.1162790697674425e-05
ID000266,Sales and Marketing,TechNova,14,44000,2006-07-07,2,B,2,0.25,2.1,4.772727272727273e-05
ID000267,Sales and Marketing,TechNova,9,44000,2024-03-12,1,B,2,0.0,2.0,4.545454545454545e-05
ID000268,Sales and Marketing,TechNova,15,37000,2011-11-08,5,B,2,1.0,2.4,6.486486486486486e-05
ID000269,Sales and Marketing,TechNova,20,36000,2015-09-05,5,B,2,1.0,2.4,6.666666666666667e-05
ID000270,Sales and Marketing,TechNova,7,38000,2006-12-20,1,B,2,0.0,2.0,5.2631578947368424e-05
ID000271,Sales and Marketing,TechNova,13,46000,2004-10-31,1,B,2,0.0,2.0,4.347826086956522e-05
ID000272,Sales and Marketing,TechNova,12,38000,2020-12-30,3,B,2,0.5,2.2,5.789473684210527e-05
ID000273,Sales and Marketing,TechNova,13,46000,2011-09-08,4,B,2,0.75,2.3,4.9999999999999996e-05
ID000274,Sales and Marketing,TechNova,21,34000,2014-01-11,1,B,2,0.0,2.0,5.882352941176471e-05
ID000275,Sales and Marketing,TechNova,12,34000,2012-05-16,1,B,2,0.0,2.0,5.882352941176471e-05
ID000276,Sales and Marketing,TechNova,15,40000,2015-04-30,3,B,2,0.5,2.2,5.5e-05
ID000277,Sales and Marketing,TechNova,13,33000,2018-11-25,3,B,2,0.5,2.2,6.666666666666667e-05
ID000278,Sales and Marketing,TechNova,1,49000,2015-10-13,4,B,2,0.75,2.3,4.693877551020408e-05
ID000279,Sales and Marketing,TechNova,24,32000,2005-10-04,2,B,2,0.25,2.1,6.562500000000001e-05
ID000280,Sales and Marketing,TechNova,5,38000,2024-02-26,4,B,2,0.75,2.3,6.052631578947368e-05
ID000281,Sales and Marketing,TechNova,16,39000,2014-11-12,4,B,2,0.75,2.3,5.897435897435897e-05
ID000282,Sales and Marketing,TechNova,19,42000,2018-06-22,5,B,2,1.0,2.4,5.714285714285714e-05
ID000283,Sales and Marketing,TechNova,14,36000,2016-06-29,2,B,2,0.25,2.1,5.833333333333333e-05
ID000284,Sales and Marketing,TechNova,3,48000,2008-01-13,3,B,2,0.5,2.2,4.5833333333333334e-05
ID000285,Sales and Marketing,TechNova,12,48000,2019-01-31,4,B,2,0.75,2.3,4.791666666666666e-05
ID000286,Sales and Marketing,TechNova,20,44000,2012-02-27,3,B,2,0.5,2.2,5e-05
ID000287,Sales and Marketing,TechNova,12,41000,2010-04-28,5,B,2,1.0,2.4,5.853658536585366e-05
ID000288,Sales and Marketing,TechNova,20,38000,2010-07-04,3,B,2,0.5,2.2,5.789473684210527e-05
ID000289,Sales and Marketing,TechNova,11,44000,2010-08-10,5,B,2,1.0,2.4,5.4545454545454546e-05
ID000290,Sales and Marketing,TechNova,2,34000,2020-06-24,2,B,2,0.25,2.1,6.176470588235295e-05
ID000291,Sales and Marketing,TechNova,12,39000,2013-09-11,3,B,2,0.5,2.2,5.6410256410256414e-05
ID000292,Sales and Marketing,TechNova,6,32000,2010-08-11,5,B,2,1.0,2.4,7.5e-05
ID000293,Sales and Marketing,TechNova,11,33000,2014-03-03,5,B,2,1.0,2.4,7.272727272727273e-05
ID000294,Sales and Marketing,TechNova,7,43000,2021-11-05,3,B,2,0.5,2.2,5.1162790697674425e-05
ID000295,Sales and Marketing,TechNova,21,42000,2024-06-15,2,B,2,0.25,2.1,5e-05
ID000296,Sales and Marketing,TechNova,21,44000,2015-07-19,3,B,2,0.5,2.2,5e-05
ID000297,Sales and Marketing,TechNova,7,50000,2022-06-26,1,B,2,0.0,2.0,4e-05
ID000298,Sales and Marketing,TechNova,19,36000,2016-11-22,2,B,2,0.25,2.1,5.833333333333333e-05
ID000299,Sales and Marketing,TechNova,1,37000,2009-05-09,2,B,2,0.25,2.1,5.6756756756756757e-05
ID000300,Sales and Marketing,TechNova,11,41000,2009-08-20,4,B,2,0.75,2.3,5.609756097560975e-05
ID000301,Sales and Marketing,TechNova,3,49000,2007-05-19,4,B,2,0.75,2.3,4.693877551020408e-05
ID000302,Sales and Marketing,TechNova,23,50000,2020-08-17,4,B,2,0.75,2.3,4.599999999999999e-05
ID000303,Sales and Marketing,TechNova,14,46000,2014-02-04,2,B,2,0.25,2.1,4.565217391304348e-05
ID000304,Sales and Marketing,TechNova,2,50000,2011-06-13,1,B,2,0.0,2.0,4e-05
ID000305,Sales and Marketing,TechNova,21,43000,2011-04-17,4,B,2,0.75,2.3,5.348837209302325e-05
ID000306,Sales and Marketing,TechNova,15,38000,2019-04-15,4,B,2,0.75,2.3,6.052631578947368e-05
ID000307,Sales and Marketing,TechNova,13,44000,2015-07-17,4,B,2,0.75,2.3,5.227272727272727e-05
ID000308,Sales and Marketing,TechNova,8,39000,2011-12-17,3,B,2,0.5,2.2,5.6410256410256414e-05
ID000309,Sales and Marketing,TechNova,22,34000,2006-12-24,5,B,2,1.0,2.4,7.058823529411764e-05
ID000310,Sales and Marketing,TechNova,7,37000,2021-12-28,5,B,2,1.0,2.4,6.486486486486486e-05
ID000311,Sales and Marketing,TechNova,21,27000,2018-05-17,4,C,1,0.75,1.15,4.259259259259259e-05
ID000312,Sales and Marketing,TechNova,5,26000,2017-01-06,2,C,1,0.25,1.05,4.038461538461539e-05
ID000313,Sales and Marketing,TechNova,3,27000,2020-12-12,1,C,1,0.0,1.0,3.7037037037037037e-05
ID000314,Sales and Marketing,TechNova,15,11000,2018-06-09,1,C,1,0.0,1.0,9.09090909090909e-05
ID000315,Sales and Marketing,TechNova,25,29000,2019-04-04,1,C,1,0.0,1.0,3.4482758620689657e-05
ID000316,Sales and Marketing,TechNova,7,16000,2020-06-06,5,C,1,1.0,1.2,7.5e-05
ID000317,Sales and Marketing,TechNova,22,19000,2019-03-14,1,C,1,0.0,1.0,5.2631578947368424e-05
ID000318,Sales and Marketing,TechNova,20,13000,2011-09-10,1,C,1,0.0,1.0,7.692307692307693e-05
ID000319,Sales and Marketing,TechNova,8,21000,2009-05-27,4,C,1,0.75,1.15,5.476190476190476e-05
ID000320,Sales and Marketing,TechNova,24,27000,2018-11-20,3,C,1,0.5,1.1,4.0740740740740745e-05
ID000321,Sales and Marketing,DataVerse,3,75000,2005-08-15,5,A,3,1.0,3.5999999999999996,4.7999999999999994e-05
ID000322,Sales and Marketing,DataVerse,12,66000,2011-02-25,4,A,3,0.75,3.4499999999999997,5.227272727272727e-05
ID000323,Sales and Marketing,DataVerse,14,78000,2022-03-09,1,A,3,0.0,3.0,3.846153846153846e-05
ID000324,Sales and Marketing,DataVerse,13,76000,2008-02-27,5,A,3,1.0,3.5999999999999996,4.7368421052631574e-05
ID000325,Sales and Marketing,DataVerse,4,72000,2012-02-01,1,A,3,0.0,3.0,4.1666666666666665e-05
ID000326,Sales and Marketing,DataVerse,5,81000,2011-09-22,5,A,3,1.0,3.5999999999999996,4.444444444444444e-05
ID000327,Sales and Marketing,DataVerse,1,83000,2010-08-24,5,A,3,1.0,3.5999999999999996,4.337349397590361e-05
ID000328,Sales and Marketing,DataVerse,14,88000,2018-09-03,2,A,3,0.25,3.1500000000000004,3.579545454545455e-05
ID000329,Sales and Marketing,DataVerse,5,63000,2012-07-22,3,A,3,0.5,3.3000000000000003,5.2380952380952384e-05
ID000330,Sales and Marketing,DataVerse,11,40000,2007-12-10,4,B,2,0.75,2.3,5.7499999999999995e-05
ID000331,Sales and Marketing,DataVerse,11,41000,2005-11-17,1,B,2,0.0,2.0,4.878048780487805e-05
ID000332,Sales and Marketing,DataVerse,25,47000,2020-08-19,4,B,2,0.75,2.3,4.8936170212765954e-05
ID000333,Sales and Marketing,DataVerse,20,37000,2013-07-15,4,B,2,0.75,2.3,6.216216216216216e-05
ID000334,Sales and Marketing,DataVerse,6,41000,2023-07-14,5,B,2,1.0,2.4,5.853658536585366e-05
ID000335,Sales and Marketing,DataVerse,2,34000,2023-02-11,4,B,2,0.75,2.3,6.76470588235294e-05
ID000336,Sales and Marketing,DataVerse,7,39000,2005-09-23,2,B,2,0.25,2.1,5.384615384615385e-05
ID000337,Sales and Marketing,DataVerse,8,35000,2021-12-04,2,B,2,0.25,2.1,6e-05
ID000338,Sales and Marketing,DataVerse,25,47000,2005-07-27,3,B,2,0.5,2.2,4.680851063829788e-05
ID000339,Sales and Marketing,DataVerse,21,36000,2014-02-08,2,B,2,0.25,2.1,5.833333333333333e-05
ID000340,Sales and Marketing,DataVerse,13,38000,2014-09-05,2,B,2,0.25,2.1,5.5263157894736845e-05
ID000341,Sales and Marketing,DataVerse,17,43000,2009-02-02,3,B,2,0.5,2.2,5.1162790697674425e-05
ID000342,Sales and Marketing,DataVerse,2,34000,2005-02-26,1,B,2,0.0,2.0,5.882352941176471e-05
ID000343,Sales and Marketing,DataVerse,5,44000,2018-12-28,3,B,2,0.5,2.2,5e-05
ID000344,Sales and Marketing,DataVerse,10,34000,2014-04-06,5,B,2,1.0,2.4,7.058823529411764e-05
ID000345,Sales and Marketing,DataVerse,10,47000,2020-06-15,4,B,2,0.75,2.3,4.8936170212765954e-05
ID000346,Sales and Marketing,DataVerse,1,50000,2023-12-16,5,B,2,1.0,2.4,4.8e-05
ID000347,Sales and Marketing,DataVerse,25,35000,2006-01-15,3,B,2,0.5,2.2,6.285714285714286e-05
ID000348,Sales and Marketing,DataVerse,16,31000,2010-05-27,5,B,2,1.0,2.4,7.741935483870967e-05
ID000349,Sales and Marketing,DataVerse,21,47000,2004-12-30,3,B,2,0.5,2.2,4.680851063829788e-05
ID000350,Sales and Marketing,DataVerse,8,32000,2017-01-08,5,B,2,1.0,2.4,7.5e-05
ID000351,Sales and Marketing,DataVerse,16,40000,2022-06-10,3,B,2,0.5,2.2,5.5e-05
ID000352,Sales and Marketing,DataVerse,6,43000,2018-11-23,3,B,2,0.5,2.2,5.1162790697674425e-05
ID000353,Sales and Marketing,DataVerse,2,47000,2022-01-20,2,B,2,0.25,2.1,4.468085106382979e-05
ID000354,Sales and Marketing,DataVerse,24,34000,2023-07-31,4,B,2,0.75,2.3,6.76470588235294e-05
ID000355,Sales and Marketing,DataVerse,15,32000,2021-10-09,2,B,2,0.25,2.1,6.562500000000001e-05
ID000356,Sales and Marketing,DataVerse,6,47000,2005-08-27,2,B,2,0.25,2.1,4.468085106382979e-05
ID000357,Sales and Marketing,DataVerse,6,10000,2023-04-28,5,C,1,1.0,1.2,0.00011999999999999999
ID000358,Sales and Marketing,DataVerse,3,24000,2015-09-28,5,C,1,1.0,1.2,4.9999999999999996e-05
ID000359,Sales and Marketing,DataVerse,22,21000,2011-08-13,3,C,1,0.5,1.1,5.2380952380952384e-05
ID000360,Sales and Marketing,DataVerse,2,22000,2020-12-25,3,C,1,0.5,1.1,5e-05
ID000361,Sales and Marketing,DataVerse,15,14000,2005-08-05,3,C,1,0.5,1.1,7.857142857142858e-05
ID000362,Sales and Marketing,DataVerse,4,29000,2018-01-15,3,C,1,0.5,1.1,3.793103448275862e-05
ID000363,Sales and Marketing,DataVerse,17,20000,2021-04-24,4,C,1,0.75,1.15,5.7499999999999995e-05
ID000364,Sales and Marketing,DataVerse,6,24000,2014-10-18,1,C,1,0.0,1.0,4.1666666666666665e-05
ID000365,Sales and Marketing,DataVerse,11,25000,2012-06-05,2,C,1,0.25,1.05,4.2000000000000004e-05
ID000366,Business Strategy,TechNova,25,65000,2012-04-02,2,A,3,0.25,3.1500000000000004,4.846153846153847e-05
ID000367,Business Strategy,TechNova,4,66000,2016-01-13,4,A,3,0.75,3.4499999999999997,5.227272727272727e-05
ID000368,Business Strategy,TechNova,15,74000,2021-03-02,5,A,3,1.0,3.5999999999999996,4.864864864864864e-05
ID000369,Business Strategy,TechNova,1,62000,2012-12-07,2,A,3,0.25,3.1500000000000004,5.080645161290323e-05
ID000370,Business Strategy,TechNova,15,74000,2020-02-28,5,A,3,1.0,3.5999999999999996,4.864864864864864e-05
ID000371,Business Strategy,TechNova,21,68000,2015-10-13,5,A,3,1.0,3.5999999999999996,5.294117647058823e-05
ID000372,Business Strategy,TechNova,7,37000,2006-01-17,1,B,2,0.0,2.0,5.4054054054054054e-05
ID000373,Business Strategy,TechNova,22,46000,2008-11-19,5,B,2,1.0,2.4,5.2173913043478256e-05
ID000374,Business Strategy,TechNova,21,47000,2012-03-09,4,B,2,0.75,2.3,4.8936170212765954e-05
ID000375,Business Strategy,TechNova,4,38000,2012-10-19,3,B,2,0.5,2.2,5.789473684210527e-05
ID000376,Business Strategy,TechNova,23,45000,2017-03-06,1,B,2,0.0,2.0,4.4444444444444447e-05
ID000377,Business Strategy,TechNova,15,34000,2019-08-15,4,B,2,0.75,2.3,6.76470588235294e-05
ID000378,Business Strategy,TechNova,14,31000,2014-10-11,2,B,2,0.25,2.1,6.774193548387096e-05
ID000379,Business Strategy,TechNova,25,35000,2012-11-25,5,B,2,1.0,2.4,6.857142857142857e-05
ID000380,Business Strategy,TechNova,20,34000,2019-11-01,4,B,2,0.75,2.3,6.76470588235294e-05
ID000381,Business Strategy,TechNova,3,36000,2012-06-10,5,B,2,1.0,2.4,6.666666666666667e-05
ID000382,Business Strategy,TechNova,16,45000,2016-12-29,2,B,2,0.25,2.1,4.666666666666667e-05
ID000383,Business Strategy,TechNova,12,42000,2007-05-19,5,B,2,1.0,2.4,5.714285714285714e-05
ID000384,Business Strategy,TechNova,17,46000,2017-04-11,2,B,2,0.25,2.1,4.565217391304348e-05
ID000385,Business Strategy,TechNova,19,50000,2010-11-22,5,B,2,1.0,2.4,4.8e-05
ID000386,Business Strategy,TechNova,22,48000,2012-02-29,4,B,2,0.75,2.3,4.791666666666666e-05
ID000387,Business Strategy,TechNova,3,50000,2016-01-12,5,B,2,1.0,2.4,4.8e-05
ID000388,Business Strategy,TechNova,11,39000,2014-01-01,1,B,2,0.0,2.0,5.128205128205128e-05
ID000389,Business Strategy,TechNova,13,25000,2013-10-22,4,C,1,0.75,1.15,4.599999999999999e-05
ID000390,Business Strategy,TechNova,22,29000,2022-04-16,2,C,1,0.25,1.05,3.620689655172414e-05
ID000391,Business Strategy,TechNova,17,15000,2017-11-10,2,C,1,0.25,1.05,7.000000000000001e-05
ID000392,Business Strategy,TechNova,8,30000,2014-11-15,5,C,1,1.0,1.2,3.9999999999999996e-05
ID000393,Business Strategy,TechNova,20,29000,2017-05-02,4,C,1,0.75,1.15,3.96551724137931e-05
ID000394,Business Strategy,TechNova,6,23000,2009-07-12,2,C,1,0.25,1.05,4.565217391304348e-05
ID000395,Business Strategy,TechNova,4,23000,2012-10-06,2,C,1,0.25,1.05,4.565217391304348e-05
ID000396,Business Strategy,DataVerse,6,65000,2006-09-16,3,A,3,0.5,3.3000000000000003,5.076923076923077e-05
ID000397,Business Strategy,DataVerse,15,66000,2008-10-01,5,A,3,1.0,3.5999999999999996,5.454545454545454e-05
ID000398,Business Strategy,DataVerse,6,36000,2009-09-11,3,B,2,0.5,2.2,6.111111111111112e-05
ID000399,Business Strategy,DataVerse,14,32000,2015-12-18,2,B,2,0.25,2.1,6.562500000000001e-05
ID000400,Business Strategy,DataVerse,19,44000,2021-02-12,4,B,2,0.75,2.3,5.227272727272727e-05
ID000401,Business Strategy,DataVerse,22,45000,2016-08-08,5,B,2,1.0,2.4,5.333333333333333e-05
ID000402,Business Strategy,DataVerse,11,38000,2022-05-29,4,B,2,0.75,2.3,6.052631578947368e-05
ID000403,Business Strategy,DataVerse,7,45000,2021-01-16,3,B,2,0.5,2.2,4.888888888888889e-05
ID000404,Business Strategy,DataVerse,12,34000,2024-03-27,5,B,2,1.0,2.4,7.058823529411764e-05
ID000405,Business Strategy,DataVerse,16,39000,2012-07-05,5,B,2,1.0,2.4,6.153846153846154e-05
ID000406,Business Strategy,DataVerse,10,31000,2024-03-09,4,B,2,0.75,2.3,7.419354838709677e-05
ID000407,Business Strategy,DataVerse,20,45000,2008-03-08,2,B,2,0.25,2.1,4.666666666666667e-05
ID000408,Business Strategy,DataVerse,7,16000,2022-01-31,4,C,1,0.75,1.15,7.1875e-05
ID000409,Business Strategy,DataVerse,11,14000,2012-10-17,2,C,1,0.25,1.05,7.500000000000001e-05
ID000410,Business Strategy,DataVerse,22,23000,2017-03-26,3,C,1,0.5,1.1,4.782608695652174e-05
ID000411,Human Resources,TechNova,20,76000,2007-05-23,2,A,3,0.25,3.1500000000000004,4.1447368421052636e-05
ID000412,Human Resources,TechNova,6,71000,2012-04-26,2,A,3,0.25,3.1500000000000004,4.43661971830986e-05
ID000413,Human Resources,TechNova,2,65000,2011-07-30,2,A,3,0.25,3.1500000000000004,4.846153846153847e-05
ID000414,Human Resources,TechNova,5,64000,2015-12-10,1,A,3,0.0,3.0,4.6875e-05
ID000415,Human Resources,TechNova,18,66000,2018-08-30,3,A,3,0.5,3.3000000000000003,5e-05
ID000416,Human Resources,TechNova,23,72000,2012-03-11,1,A,3,0.0,3.0,4.1666666666666665e-05
ID000417,Human Resources,TechNova,21,33000,2011-07-22,1,B,2,0.0,2.0,6.0606060606060605e-05
ID000418,Human Resources,TechNova,3,34000,2017-06-03,5,B,2,1.0,2.4,7.058823529411764e-05
ID000419,Human Resources,TechNova,2,48000,2005-01-21,2,B,2,0.25,2.1,4.375e-05
ID000420,Human Resources,TechNova,18,32000,2013-03-14,1,B,2,0.0,2.0,6.25e-05
ID000421,Human Resources,TechNova,3,45000,2007-04-13,2,B,2,0.25,2.1,4.666666666666667e-05
ID000422,Human Resources,TechNova,6,42000,2022-02-05,1,B,2,0.0,2.0,4.761904761904762e-05
ID000423,Human Resources,TechNova,22,40000,2013-07-01,3,B,2,0.5,2.2,5.5e-05
ID000424,Human Resources,TechNova,25,41000,2015-08-04,2,B,2,0.25,2.1,5.121951219512195e-05
ID000425,Human Resources,TechNova,11,50000,2012-01-10,1,B,2,0.0,2.0,4e-05
ID000426,Human Resources,TechNova,19,36000,2004-09-28,1,B,2,0.0,2.0,5.555555555555556e-05
ID000427,Human Resources,TechNova,12,49000,2006-04-24,4,B,2,0.75,2.3,4.693877551020408e-05
ID000428,Human Resources,TechNova,20,38000,2018-03-10,5,B,2,1.0,2.4,6.31578947368421e-05
ID000429,Human Resources,TechNova,20,43000,2009-10-12,3,B,2,0.5,2.2,5.1162790697674425e-05
ID000430,Human Resources,TechNova,6,49000,2009-02-15,3,B,2,0.5,2.2,4.4897959183673474e-05
ID000431,Human Resources,TechNova,19,37000,2011-11-19,5,B,2,1.0,2.4,6.486486486486486e-05
ID000432,Human Resources,TechNova,12,49000,2013-12-23,5,B,2,1.0,2.4,4.897959183673469e-05
ID000433,Human Resources,TechNova,19,31000,2004-12-13,4,B,2,0.75,2.3,7.419354838709677e-05
ID000434,Human Resources,TechNova,24,43000,2015-08-17,1,B,2,0.0,2.0,4.651162790697674e-05
ID000435,Human Resources,TechNova,25,39000,2007-05-11,5,B,2,1.0,2.4,6.153846153846154e-05
ID000436,Human Resources,TechNova,5,33000,2018-05-24,1,B,2,0.0,2.0,6.0606060606060605e-05
ID000437,Human Resources,TechNova,1,31000,2023-11-15,5,B,2,1.0,2.4,7.741935483870967e-05
ID000438,Human Resources,TechNova,22,43000,2024-02-18,1,B,2,0.0,2.0,4.651162790697674e-05
ID000439,Human Resources,TechNova,8,37000,2024-01-11,5,B,2,1.0,2.4,6.486486486486486e-05
ID000440,Human Resources,TechNova,4,43000,2014-05-13,2,B,2,0.25,2.1,4.8837209302325587e-05
ID000441,Human Resources,TechNova,25,15000,2008-12-21,3,C,1,0.5,1.1,7.333333333333334e-05
ID000442,Human Resources,TechNova,25,20000,2019-02-02,1,C,1,0.0,1.0,5e-05
ID000443,Human Resources,TechNova,24,21000,2019-11-26,5,C,1,1.0,1.2,5.714285714285714e-05
ID000444,Human Resources,TechNova,22,24000,2020-04-02,4,C,1,0.75,1.15,4.791666666666666e-05
ID000445,Human Resources,TechNova,1,27000,2022-04-18,5,C,1,1.0,1.2,4.444444444444444e-05
ID000446,Human Resources,TechNova,24,26000,2018-05-23,2,C,1,0.25,1.05,4.038461538461539e-05
ID000447,Human Resources,TechNova,19,12000,2009-01-27,4,C,1,0.75,1.15,9.583333333333332e-05
ID000448,Human Resources,TechNova,2,23000,2004-11-21,4,C,1,0.75,1.15,4.9999999999999996e-05
ID000449,Human Resources,TechNova,3,14000,2016-06-29,3,C,1,0.5,1.1,7.857142857142858e-05
ID000450,Human Resources,TechNova,25,21000,2009-04-10,1,C,1,0.0,1.0,4.761904761904762e-05
ID000451,Human Resources,DataVerse,17,70000,2007-06-09,5,A,3,1.0,3.5999999999999996,5.142857142857142e-05
ID000452,Human Resources,DataVerse,14,76000,2013-02-22,2,A,3,0.25,3.1500000000000004,4.1447368421052636e-05
ID000453,Human Resources,DataVerse,8,72000,2017-09-27,4,A,3,0.75,3.4499999999999997,4.791666666666666e-05
ID000454,Human Resources,DataVerse,24,71000,2009-08-14,5,A,3,1.0,3.5999999999999996,5.070422535211267e-05
ID000455,Human Resources,DataVerse,7,90000,2019-11-26,4,A,3,0.75,3.4499999999999997,3.833333333333333e-05
ID000456,Human Resources,DataVerse,19,90000,2008-12-22,5,A,3,1.0,3.5999999999999996,3.9999999999999996e-05
ID000457,Human Resources,DataVerse,21,37000,2012-09-07,5,B,2,1.0,2.4,6.486486486486486e-05
ID000458,Human Resources,DataVerse,21,36000,2009-07-26,2,B,2,0.25,2.1,5.833333333333333e-05
ID000459,Human Resources,DataVerse,2,40000,2012-11-14,4,B,2,0.75,2.3,5.7499999999999995e-05
ID000460,Human Resources,DataVerse,20,38000,2008-11-05,2,B,2,0.25,2.1,5.5263157894736845e-05
ID000461,Human Resources,DataVerse,1,36000,2007-09-13,4,B,2,0.75,2.3,6.388888888888888e-05
ID000462,Human Resources,DataVerse,19,41000,2006-04-03,4,B,2,0.75,2.3,5.609756097560975e-05
ID000463,Human Resources,DataVerse,23,43000,2004-11-17,5,B,2,1.0,2.4,5.581395348837209e-05
ID000464,Human Resources,DataVerse,19,49000,2006-12-14,3,B,2,0.5,2.2,4.4897959183673474e-05
ID000465,Human Resources,DataVerse,14,38000,2020-11-26,1,B,2,0.0,2.0,5.2631578947368424e-05
ID000466,Human Resources,DataVerse,8,35000,2008-10-18,3,B,2,0.5,2.2,6.285714285714286e-05
ID000467,Human Resources,DataVerse,21,43000,2019-09-07,3,B,2,0.5,2.2,5.1162790697674425e-05
ID000468,Human Resources,DataVerse,11,34000,2016-12-29,5,B,2,1.0,2.4,7.058823529411764e-05
ID000469,Human Resources,DataVerse,23,40000,2011-12-31,2,B,2,0.25,2.1,5.25e-05
ID000470,Human Resources,DataVerse,8,47000,2005-05-08,3,B,2,0.5,2.2,4.680851063829788e-05
ID000471,Human Resources,DataVerse,25,46000,2004-09-01,4,B,2,0.75,2.3,4.9999999999999996e-05
ID000472,Human Resources,DataVerse,22,44000,2007-08-03,1,B,2,0.0,2.0,4.545454545454545e-05
ID000473,Human Resources,DataVerse,5,45000,2007-12-07,3,B,2,0.5,2.2,4.888888888888889e-05
ID000474,Human Resources,DataVerse,18,39000,2017-02-27,4,B,2,0.75,2.3,5.897435897435897e-05
ID000475,Human Resources,DataVerse,8,23000,2006-06-01,3,C,1,0.5,1.1,4.782608695652174e-05
ID000476,Human Resources,DataVerse,16,17000,2010-09-12,4,C,1,0.75,1.15,6.76470588235294e-05
ID000477,Human Resources,DataVerse,19,20000,2005-09-15,4,C,1,0.75,1.15,5.7499999999999995e-05
ID000478,Human Resources,DataVerse,10,14000,2023-12-25,2,C,1,0.25,1.05,7.500000000000001e-05
ID000479,Human Resources,DataVerse,5,25000,2014-04-28,2,C,1,0.25,1.05,4.2000000000000004e-05
ID000480,Human Resources,DataVerse,5,15000,2013-03-05,5,C,1,1.0,1.2,7.999999999999999e-05
ID000481,Finance,TechNova,25,64000,2015-05-16,4,A,3,0.75,3.4499999999999997,5.390625e-05
ID000482,Finance,TechNova,23,80000,2014-02-19,2,A,3,0.25,3.1500000000000004,3.9375e-05
ID000483,Finance,TechNova,13,71000,2009-12-31,2,A,3,0.25,3.1500000000000004,4.43661971830986e-05
ID000484,Finance,TechNova,11,89000,2018-09-17,2,A,3,0.25,3.1500000000000004,3.5393258426966294e-05
ID000485,Finance,TechNova,11,89000,2009-03-02,3,A,3,0.5,3.3000000000000003,3.7078651685393264e-05
ID000486,Finance,TechNova,7,89000,2014-10-21,4,A,3,0.75,3.4499999999999997,3.876404494382022e-05
ID000487,Finance,TechNova,10,50000,2010-07-02,5,B,2,1.0,2.4,4.8e-05
ID000488,Finance,TechNova,9,39000,2013-09-02,4,B,2,0.75,2.3,5.897435897435897e-05
ID000489,Finance,TechNova,3,49000,2020-12-25,5,B,2,1.0,2.4,4.897959183673469e-05
ID000490,Finance,TechNova,2,37000,2016-08-18,5,B,2,1.0,2.4,6.486486486486486e-05
ID000491,Finance,TechNova,14,40000,2015-08-04,4,B,2,0.75,2.3,5.7499999999999995e-05
ID000492,Finance,TechNova,8,34000,2012-02-29,1,B,2,0.0,2.0,5.882352941176471e-05
ID000493,Finance,TechNova,8,34000,2017-10-31,1,B,2,0.0,2.0,5.882352941176471e-05
ID000494,Finance,TechNova,15,42000,2017-05-26,1,B,2,0.0,2.0,4.761904761904762e-05
ID000495,Finance,TechNova,17,44000,2018-06-27,3,B,2,0.5,2.2,5e-05
ID000496,Finance,TechNova,25,35000,2004-07-23,2,B,2,0.25,2.1,6e-05
ID000497,Finance,TechNova,16,46000,2014-03-19,4,B,2,0.75,2.3,4.9999999999999996e-05
ID000498,Finance,TechNova,24,39000,2021-10-03,5,B,2,1.0,2.4,6.153846153846154e-05
ID000499,Finance,TechNova,22,36000,2019-07-18,4,B,2,0.75,2.3,6.388888888888888e-05
ID000500,Finance,TechNova,25,32000,2006-09-05,1,B,2,0.0,2.0,6.25e-05
ID000501,Finance,TechNova,9,48000,2016-09-22,2,B,2,0.25,2.1,4.375e-05
ID000502,Finance,TechNova,23,45000,2010-08-07,5,B,2,1.0,2.4,5.333333333333333e-05
ID000503,Finance,TechNova,22,44000,2013-09-29,5,B,2,1.0,2.4,5.4545454545454546e-05
ID000504,Finance,TechNova,17,44000,2017-02-26,4,B,2,0.75,2.3,5.227272727272727e-05
ID000505,Finance,TechNova,24,47000,2004-12-14,4,B,2,0.75,2.3,4.8936170212765954e-05
ID000506,Finance,TechNova,2,38000,2010-12-14,3,B,2,0.5,2.2,5.789473684210527e-05
ID000507,Finance,TechNova,18,40000,2019-04-20,4,B,2,0.75,2.3,5.7499999999999995e-05
ID000508,Finance,TechNova,17,36000,2010-12-18,3,B,2,0.5,2.2,6.111111111111112e-05
ID000509,Finance,TechNova,7,40000,2004-08-17,3,B,2,0.5,2.2,5.5e-05
ID000510,Finance,TechNova,13,32000,2018-11-29,2,B,2,0.25,2.1,6.562500000000001e-05
ID000511,Finance,TechNova,24,31000,2021-04-20,4,B,2,0.75,2.3,7.419354838709677e-05
ID000512,Finance,TechNova,17,31000,2016-11-24,2,B,2,0.25,2.1,6.774193548387096e-05
ID000513,Finance,TechNova,21,32000,2024-05-02,5,B,2,1.0,2.4,7.5e-05
ID000514,Finance,TechNova,20,34000,2023-02-09,5,B,2,1.0,2.4,7.058823529411764e-05
ID000515,Finance,TechNova,19,35000,2021-07-01,4,B,2,0.75,2.3,6.571428571428571e-05
ID000516,Finance,TechNova,15,42000,2018-02-19,4,B,2,0.75,2.3,5.476190476190476e-05
ID000517,Finance,TechNova,14,27000,2022-09-12,4,C,1,0.75,1.15,4.259259259259259e-05
ID000518,Finance,TechNova,17,12000,2023-07-31,1,C,1,0.0,1.0,8.333333333333333e-05
ID000519,Finance,TechNova,25,22000,2018-09-21,5,C,1,1.0,1.2,5.4545454545454546e-05
ID000520,Finance,TechNova,10,23000,2019-02-16,1,C,1,0.0,1.0,4.347826086956522e-05
ID000521,Finance,TechNova,2,29000,2015-03-31,5,C,1,1.0,1.2,4.1379310344827587e-05
ID000522,Finance,TechNova,5,11000,2010-08-01,5,C,1,1.0,1.2,0.00010909090909090909
ID000523,Finance,TechNova,24,12000,2012-06-18,2,C,1,0.25,1.05,8.75e-05
ID000524,Finance,TechNova,13,11000,2020-12-05,3,C,1,0.5,1.1,0.0001
ID000525,Finance,TechNova,17,29000,2022-01-24,4,C,1,0.75,1.15,3.96551724137931e-05
ID000526,Finance,TechNova,9,10000,2010-05-07,4,C,1,0.75,1.15,0.00011499999999999999
ID000527,Finance,TechNova,8,30000,2012-02-09,2,C,1,0.25,1.05,3.5000000000000004e-05
ID000528,Finance,TechNova,25,24000,2005-06-25,3,C,1,0.5,1.1,4.5833333333333334e-05
ID000529,Finance,TechNova,17,19000,2019-04-09,4,C,1,0.75,1.15,6.052631578947368e-05
ID000530,Finance,TechNova,9,15000,2006-12-03,3,C,1,0.5,1.1,7.333333333333334e-05
ID000531,Finance,DataVerse,24,73000,2021-07-29,2,A,3,0.25,3.1500000000000004,4.3150684931506855e-05
ID000532,Finance,DataVerse,19,75000,2019-03-02,2,A,3,0.25,3.1500000000000004,4.2000000000000004e-05
ID000533,Finance,DataVerse,22,83000,2013-11-03,3,A,3,0.5,3.3000000000000003,3.9759036144578314e-05
ID000534,Finance,DataVerse,3,80000,2011-12-29,3,A,3,0.5,3.3000000000000003,4.1250000000000007e-05
ID000535,Finance,DataVerse,11,84000,2010-03-15,3,A,3,0.5,3.3000000000000003,3.928571428571429e-05
ID000536,Finance,DataVerse,11,61000,2009-04-17,4,A,3,0.75,3.4499999999999997,5.6557377049180324e-05
ID000537,Finance,DataVerse,11,62000,2020-08-30,4,A,3,0.75,3.4499999999999997,5.5645161290322576e-05
ID000538,Finance,DataVerse,8,49000,2019-05-31,1,B,2,0.0,2.0,4.0816326530612245e-05
ID000539,Finance,DataVerse,25,32000,2015-10-03,3,B,2,0.5,2.2,6.875e-05
ID000540,Finance,DataVerse,9,32000,2014-05-21,1,B,2,0.0,2.0,6.25e-05
ID000541,Finance,DataVerse,21,40000,2006-08-09,3,B,2,0.5,2.2,5.5e-05
ID000542,Finance,DataVerse,15,38000,2019-04-16,3,B,2,0.5,2.2,5.789473684210527e-05
ID000543,Finance,DataVerse,15,31000,2013-06-19,2,B,2,0.25,2.1,6.774193548387096e-05
ID000544,Finance,DataVerse,1,46000,2005-06-20,3,B,2,0.5,2.2,4.782608695652174e-05
ID000545,Finance,DataVerse,22,33000,2023-06-08,2,B,2,0.25,2.1,6.363636363636364e-05
ID000546,Finance,DataVerse,4,35000,2021-06-28,4,B,2,0.75,2.3,6.571428571428571e-05
ID000547,Finance,DataVerse,24,39000,2023-03-10,3,B,2,0.5,2.2,5.6410256410256414e-05
ID000548,Finance,DataVerse,14,32000,2019-12-27,3,B,2,0.5,2.2,6.875e-05
ID000549,Finance,DataVerse,18,37000,2007-08-18,5,B,2,1.0,2.4,6.486486486486486e-05
ID000550,Finance,DataVerse,20,39000,2016-03-27,3,B,2,0.5,2.2,5.6410256410256414e-05
ID000551,Finance,DataVerse,25,39000,2016-08-29,4,B,2,0.75,2.3,5.897435897435897e-05
ID000552,Finance,DataVerse,2,49000,2004-11-15,5,B,2,1.0,2.4,4.897959183673469e-05
ID000553,Finance,DataVerse,19,50000,2017-12-27,3,B,2,0.5,2.2,4.4000000000000006e-05
ID000554,Finance,DataVerse,4,34000,2024-06-13,3,B,2,0.5,2.2,6.470588235294118e-05
ID000555,Finance,DataVerse,14,38000,2012-06-06,3,B,2,0.5,2.2,5.789473684210527e-05
ID000556,Finance,DataVerse,5,35000,2018-06-01,2,B,2,0.25,2.1,6e-05
ID000557,Finance,DataVerse,5,49000,2016-12-03,2,B,2,0.25,2.1,4.2857142857142856e-05
ID000558,Finance,DataVerse,11,42000,2021-01-25,4,B,2,0.75,2.3,5.476190476190476e-05
ID000559,Finance,DataVerse,5,42000,2017-06-17,1,B,2,0.0,2.0,4.761904761904762e-05
ID000560,Finance,DataVerse,14,41000,2005-06-17,3,B,2,0.5,2.2,5.3658536585365855e-05
ID000561,Finance,DataVerse,8,39000,2006-12-16,2,B,2,0.25,2.1,5.384615384615385e-05
ID000562,Finance,DataVerse,1,40000,2012-01-25,4,B,2,0.75,2.3,5.7499999999999995e-05
ID000563,Finance,DataVerse,7,49000,2005-09-05,3,B,2,0.5,2.2,4.4897959183673474e-05
ID000564,Finance,DataVerse,24,37000,2014-01-21,4,B,2,0.75,2.3,6.216216216216216e-05
ID000565,Finance,DataVerse,9,21000,2007-07-22,3,C,1,0.5,1.1,5.2380952380952384e-05
ID000566,Finance,DataVerse,13,10000,2013-06-02,1,C,1,0.0,1.0,0.0001
ID000567,Finance,DataVerse,14,14000,2009-02-18,1,C,1,0.0,1.0,7.142857142857143e-05
ID000568,Finance,DataVerse,19,20000,2012-09-05,5,C,1,1.0,1.2,5.9999999999999995e-05
ID000569,Finance,DataVerse,12,23000,2011-12-23,1,C,1,0.0,1.0,4.347826086956522e-05
ID000570,Finance,DataVerse,24,29000,2023-03-16,1,C,1,0.0,1.0,3.4482758620689657e-05
ID000571,Finance,DataVerse,8,21000,2006-07-19,1,C,1,0.0,1.0,4.761904761904762e-05
ID000572,Finance,DataVerse,25,13000,2014-02-23,4,C,1,0.75,1.15,8.846153846153845e-05
ID000573,Finance,DataVerse,9,22000,2021-02-01,1,C,1,0.0,1.0,4.545454545454545e-05
ID000574,Finance,DataVerse,4,13000,2023-04-14,4,C,1,0.75,1.15,8.846153846153845e-05
ID000575,Finance,DataVerse,18,21000,2012-09-23,1,C,1,0.0,1.0,4.761904761904762e-05
ID000576,IT and Systems,TechNova,25,71000,2014-05-28,5,A,3,1.0,3.5999999999999996,5.070422535211267e-05
ID000577,IT and Systems,TechNova,11,61000,2011-05-08,5,A,3,1.0,3.5999999999999996,5.901639344262294e-05
ID000578,IT and Systems,TechNova,5,80000,2005-07-15,1,A,3,0.0,3.0,3.75e-05
ID000579,IT and Systems,TechNova,19,67000,2007-06-06,3,A,3,0.5,3.3000000000000003,4.9253731343283586e-05
ID000580,IT and Systems,TechNova,15,90000,2007-01-07,3,A,3,0.5,3.3000000000000003,3.666666666666667e-05
ID000581,IT and Systems,TechNova,25,81000,2005-09-28,1,A,3,0.0,3.0,3.7037037037037037e-05
ID000582,IT and Systems,TechNova,14,86000,2021-11-07,5,A,3,1.0,3.5999999999999996,4.1860465116279065e-05
ID000583,IT and Systems,TechNova,13,85000,2018-10-16,5,A,3,1.0,3.5999999999999996,4.2352941176470585e-05
ID000584,IT and Systems,TechNova,10,47000,2018-01-23,3,B,2,0.5,2.2,4.680851063829788e-05
ID000585,IT and Systems,TechNova,2,34000,2022-04-25,1,B,2,0.0,2.0,5.882352941176471e-05
ID000586,IT and Systems,TechNova,10,41000,2018-10-18,5,B,2,1.0,2.4,5.853658536585366e-05
ID000587,IT and Systems,TechNova,14,33000,2019-05-12,2,B,2,0.25,2.1,6.363636363636364e-05
ID000588,IT and Systems,TechNova,8,41000,2015-05-16,5,B,2,1.0,2.4,5.853658536585366e-05
ID000589,IT and Systems,TechNova,17,41000,2012-01-29,3,B,2,0.5,2.2,5.3658536585365855e-05
ID000590,IT and Systems,TechNova,6,36000,2018-03-16,1,B,2,0.0,2.0,5.555555555555556e-05
ID000591,IT and Systems,TechNova,13,43000,2016-02-12,5,B,2,1.0,2.4,5.581395348837209e-05
ID000592,IT and Systems,TechNova,21,40000,2020-09-28,4,B,2,0.75,2.3,5.7499999999999995e-05
ID000593,IT and Systems,TechNova,17,47000,2005-10-29,5,B,2,1.0,2.4,5.1063829787234044e-05
ID000594,IT and Systems,TechNova,24,39000,2016-10-09,1,B,2,0.0,2.0,5.128205128205128e-05
ID000595,IT and Systems,TechNova,7,40000,2023-07-12,4,B,2,0.75,2.3,5.7499999999999995e-05
ID000596,IT and Systems,TechNova,2,40000,2014-07-26,2,B,2,0.25,2.1,5.25e-05
ID000597,IT and Systems,TechNova,23,50000,2013-07-03,5,B,2,1.0,2.4,4.8e-05
ID000598,IT and Systems,TechNova,6,31000,2005-02-11,5,B,2,1.0,2.4,7.741935483870967e-05
ID000599,IT and Systems,TechNova,20,34000,2013-05-11,4,B,2,0.75,2.3,6.76470588235294e-05
ID000600,IT and Systems,TechNova,25,32000,2012-09-06,4,B,2,0.75,2.3,7.1875e-05
ID000601,IT and Systems,TechNova,11,41000,2020-06-25,2,B,2,0.25,2.1,5.121951219512195e-05
ID000602,IT and Systems,TechNova,2,34000,2011-10-15,1,B,2,0.0,2.0,5.882352941176471e-05
ID000603,IT and Systems,TechNova,16,40000,2009-02-16,5,B,2,1.0,2.4,5.9999999999999995e-05
ID000604,IT and Systems,TechNova,11,38000,2010-09-10,3,B,2,0.5,2.2,5.789473684210527e-05
ID000605,IT and Systems,TechNova,20,49000,2019-01-22,1,B,2,0.0,2.0,4.0816326530612245e-05
ID000606,IT and Systems,TechNova,15,31000,2024-06-03,4,B,2,0.75,2.3,7.419354838709677e-05
ID000607,IT and Systems,TechNova,25,50000,2004-09-14,4,B,2,0.75,2.3,4.599999999999999e-05
ID000608,IT and Systems,TechNova,18,50000,2016-07-27,5,B,2,1.0,2.4,4.8e-05
ID000609,IT and Systems,TechNova,23,39000,2019-08-08,5,B,2,1.0,2.4,6.153846153846154e-05
ID000610,IT and Systems,TechNova,5,44000,2010-07-13,2,B,2,0.25,2.1,4.772727272727273e-05
ID000611,IT and Systems,TechNova,22,50000,2021-08-18,1,B,2,0.0,2.0,4e-05
ID000612,IT and Systems,TechNova,11,23000,2021-12-14,3,C,1,0.5,1.1,4.782608695652174e-05
ID000613,IT and Systems,TechNova,14,19000,2007-08-30,2,C,1,0.25,1.05,5.5263157894736845e-05
ID000614,IT and Systems,TechNova,16,11000,2005-08-21,2,C,1,0.25,1.05,9.545454545454546e-05
ID000615,IT and Systems,TechNova,11,25000,2020-03-21,1,C,1,0.0,1.0,4e-05
ID000616,IT and Systems,TechNova,8,19000,2016-06-24,2,C,1,0.25,1.05,5.5263157894736845e-05
ID000617,IT and Systems,TechNova,13,23000,2009-03-01,1,C,1,0.0,1.0,4.347826086956522e-05
ID000618,IT and Systems,TechNova,3,25000,2016-05-23,4,C,1,0.75,1.15,4.599999999999999e-05
ID000619,IT and Systems,TechNova,9,18000,2010-07-30,1,C,1,0.0,1.0,5.555555555555556e-05
ID000620,IT and Systems,TechNova,22,21000,2023-10-30,1,C,1,0.0,1.0,4.761904761904762e-05
ID000621,IT and Systems,TechNova,23,26000,2008-06-01,2,C,1,0.25,1.05,4.038461538461539e-05
ID000622,IT and Systems,TechNova,19,20000,2022-08-03,2,C,1,0.25,1.05,5.25e-05
ID000623,IT and Systems,TechNova,2,26000,2023-01-02,1,C,1,0.0,1.0,3.846153846153846e-05
ID000624,IT and Systems,TechNova,17,20000,2017-07-18,1,C,1,0.0,1.0,5e-05
ID000625,IT and Systems,TechNova,13,24000,2017-12-26,1,C,1,0.0,1.0,4.1666666666666665e-05
ID000626,IT and Systems,TechNova,25,18000,2022-02-14,4,C,1,0.75,1.15,6.388888888888888e-05
ID000627,IT and Systems,TechNova,4,23000,2004-12-22,3,C,1,0.5,1.1,4.782608695652174e-05
ID000628,IT and Systems,TechNova,14,18000,2005-12-11,5,C,1,1.0,1.2,6.666666666666667e-05
ID000629,IT and Systems,TechNova,2,13000,2010-11-19,3,C,1,0.5,1.1,8.461538461538463e-05
ID000630,IT and Systems,TechNova,13,12000,2006-10-18,1,C,1,0.0,1.0,8.333333333333333e-05
ID000631,IT and Systems,DataVerse,22,80000,2009-04-11,2,A,3,0.25,3.1500000000000004,3.9375e-05
ID000632,IT and Systems,DataVerse,23,71000,2009-06-15,4,A,3,0.75,3.4499999999999997,4.859154929577465e-05
ID000633,IT and Systems,DataVerse,2,62000,2007-07-12,4,A,3,0.75,3.4499999999999997,5.5645161290322576e-05
ID000634,IT and Systems,DataVerse,1,84000,2012-12-05,3,A,3,0.5,3.3000000000000003,3.928571428571429e-05
ID000635,IT and Systems,DataVerse,14,69000,2016-08-05,4,A,3,0.75,3.4499999999999997,4.9999999999999996e-05
ID000636,IT and Systems,DataVerse,4,71000,2023-05-05,1,A,3,0.0,3.0,4.225352112676056e-05
ID000637,IT and Systems,DataVerse,23,63000,2016-10-26,4,A,3,0.75,3.4499999999999997,5.476190476190476e-05
ID000638,IT and Systems,DataVerse,19,70000,2020-04-17,1,A,3,0.0,3.0,4.2857142857142856e-05
ID000639,IT and Systems,DataVerse,25,73000,2022-06-12,2,A,3,0.25,3.1500000000000004,4.3150684931506855e-05
ID000640,IT and Systems,DataVerse,8,87000,2012-02-08,4,A,3,0.75,3.4499999999999997,3.96551724137931e-05
ID000641,IT and Systems,DataVerse,16,33000,2009-09-14,4,B,2,0.75,2.3,6.969696969696969e-05
ID000642,IT and Systems,DataVerse,8,48000,2014-08-03,4,B,2,0.75,2.3,4.791666666666666e-05
ID000643,IT and Systems,DataVerse,15,31000,2013-09-13,5,B,2,1.0,2.4,7.741935483870967e-05
ID000644,IT and Systems,DataVerse,15,48000,2016-10-13,5,B,2,1.0,2.4,4.9999999999999996e-05
ID000645,IT and Systems,DataVerse,1,49000,2014-05-19,1,B,2,0.0,2.0,4.0816326530612245e-05
ID000646,IT and Systems,DataVerse,8,45000,2005-06-08,5,B,2,1.0,2.4,5.333333333333333e-05
ID000647,IT and Systems,DataVerse,18,41000,2022-01-22,3,B,2,0.5,2.2,5.3658536585365855e-05
ID000648,IT and Systems,DataVerse,11,47000,2011-02-07,5,B,2,1.0,2.4,5.1063829787234044e-05
ID000649,IT and Systems,DataVerse,12,32000,2013-03-18,5,B,2,1.0,2.4,7.5e-05
ID000650,IT and Systems,DataVerse,5,48000,2017-03-03,2,B,2,0.25,2.1,4.375e-05
ID000651,IT and Systems,DataVerse,23,38000,2007-02-22,2,B,2,0.25,2.1,5.5263157894736845e-05
ID000652,IT and Systems,DataVerse,2,49000,2019-05-08,5,B,2,1.0,2.4,4.897959183673469e-05
ID000653,IT and Systems,DataVerse,25,33000,2017-06-23,2,B,2,0.25,2.1,6.363636363636364e-05
ID000654,IT and Systems,DataVerse,8,31000,2017-02-21,4,B,2,0.75,2.3,7.419354838709677e-05
ID000655,IT and Systems,DataVerse,14,31000,2011-05-28,5,B,2,1.0,2.4,7.741935483870967e-05
ID000656,IT and Systems,DataVerse,3,32000,2023-06-16,3,B,2,0.5,2.2,6.875e-05
ID000657,IT and Systems,DataVerse,3,46000,2005-05-27,2,B,2,0.25,2.1,4.565217391304348e-05
ID000658,IT and Systems,DataVerse,19,37000,2016-04-01,3,B,2,0.5,2.2,5.9459459459459466e-05
ID000659,IT and Systems,DataVerse,24,38000,2009-12-18,4,B,2,0.75,2.3,6.052631578947368e-05
ID000660,IT and Systems,DataVerse,2,44000,2018-10-11,2,B,2,0.25,2.1,4.772727272727273e-05
ID000661,IT and Systems,DataVerse,9,44000,2005-10-17,2,B,2,0.25,2.1,4.772727272727273e-05
ID000662,IT and Systems,DataVerse,14,36000,2014-05-02,3,B,2,0.5,2.2,6.111111111111112e-05
ID000663,IT and Systems,DataVerse,8,43000,2023-05-28,4,B,2,0.75,2.3,5.348837209302325e-05
ID000664,IT and Systems,DataVerse,6,47000,2013-07-11,1,B,2,0.0,2.0,4.2553191489361704e-05
ID000665,IT and Systems,DataVerse,23,44000,2007-05-08,4,B,2,0.75,2.3,5.227272727272727e-05
ID000666,IT and Systems,DataVerse,7,36000,2007-03-30,1,B,2,0.0,2.0,5.555555555555556e-05
ID000667,IT and Systems,DataVerse,5,34000,2014-04-20,5,B,2,1.0,2.4,7.058823529411764e-05
ID000668,IT and Systems,DataVerse,9,48000,2007-03-26,3,B,2,0.5,2.2,4.5833333333333334e-05
ID000669,IT and Systems,DataVerse,12,38000,2007-01-15,4,B,2,0.75,2.3,6.052631578947368e-05
ID000670,IT and Systems,DataVerse,16,37000,2015-07-14,3,B,2,0.5,2.2,5.9459459459459466e-05
ID000671,IT and Systems,DataVerse,16,34000,2009-04-14,2,B,2,0.25,2.1,6.176470588235295e-05
ID000672,IT and Systems,DataVerse,16,34000,2005-04-10,1,B,2,0.0,2.0,5.882352941176471e-05
ID000673,IT and Systems,DataVerse,13,47000,2011-11-09,5,B,2,1.0,2.4,5.1063829787234044e-05
ID000674,IT and Systems,DataVerse,8,17000,2016-01-13,2,C,1,0.25,1.05,6.176470588235295e-05
ID000675,IT and Systems,DataVerse,8,28000,2006-10-16,2,C,1,0.25,1.05,3.7500000000000003e-05
ID000676,IT and Systems,DataVerse,10,24000,2018-02-17,3,C,1,0.5,1.1,4.5833333333333334e-05
ID000677,IT and Systems,DataVerse,25,25000,2022-11-12,3,C,1,0.5,1.1,4.4000000000000006e-05
ID000678,IT and Systems,DataVerse,4,11000,2019-12-03,2,C,1,0.25,1.05,9.545454545454546e-05
ID000679,IT and Systems,DataVerse,12,18000,2020-11-14,5,C,1,1.0,1.2,6.666666666666667e-05
ID000680,IT and Systems,DataVerse,23,20000,2023-04-21,1,C,1,0.0,1.0,5e-05
ID000681,IT and Systems,DataVerse,12,21000,2024-05-19,5,C,1,1.0,1.2,5.714285714285714e-05
ID000682,IT and Systems,DataVerse,3,19000,2017-02-09,2,C,1,0.25,1.05,5.5263157894736845e-05
ID000683,IT and Systems,DataVerse,11,25000,2014-01-03,3,C,1,0.5,1.1,4.4000000000000006e-05
ID000684,IT and Systems,DataVerse,15,30000,2007-06-23,5,C,1,1.0,1.2,3.9999999999999996e-05
ID000685,IT and Systems,DataVerse,4,20000,2022-07-21,1,C,1,0.0,1.0,5e-05
ID000686,IT and Systems,DataVerse,12,20000,2008-04-09,4,C,1,0.75,1.15,5.7499999999999995e-05
ID000687,IT and Systems,DataVerse,24,23000,2012-01-08,5,C,1,1.0,1.2,5.2173913043478256e-05
ID000688,IT and Systems,DataVerse,16,24000,2009-09-28,4,C,1,0.75,1.15,4.791666666666666e-05
ID000689,IT and Systems,DataVerse,1,30000,2013-03-24,1,C,1,0.0,1.0,3.3333333333333335e-05
ID000690,IT and Systems,DataVerse,12,18000,2006-01-14,3,C,1,0.5,1.1,6.111111111111112e-05
ID000691,Manufacturing and operations,TechNova,13,81000,2009-08-29,1,A,3,0.0,3.0,3.7037037037037037e-05
ID000692,Manufacturing and operations,TechNova,1,61000,2010-06-10,4,A,3,0.75,3.4499999999999997,5.6557377049180324e-05
ID000693,Manufacturing and operations,TechNova,23,61000,2013-07-05,3,A,3,0.5,3.3000000000000003,5.4098360655737706e-05
ID000694,Manufacturing and operations,TechNova,11,89000,2006-05-10,3,A,3,0.5,3.3000000000000003,3.7078651685393264e-05
ID000695,Manufacturing and operations,TechNova,14,72000,2013-03-03,3,A,3,0.5,3.3000000000000003,4.5833333333333334e-05
ID000696,Manufacturing and operations,TechNova,18,65000,2010-02-02,5,A,3,1.0,3.5999999999999996,5.538461538461538e-05
ID000697,Manufacturing and operations,TechNova,17,66000,2023-06-09,1,A,3,0.0,3.0,4.545454545454545e-05
ID000698,Manufacturing and operations,TechNova,7,73000,2008-09-15,2,A,3,0.25,3.1500000000000004,4.3150684931506855e-05
ID000699,Manufacturing and operations,TechNova,15,90000,2015-04-20,5,A,3,1.0,3.5999999999999996,3.9999999999999996e-05
ID000700,Manufacturing and operations,TechNova,16,84000,2013-01-03,3,A,3,0.5,3.3000000000000003,3.928571428571429e-05
ID000701,Manufacturing and operations,TechNova,11,82000,2012-08-07,2,A,3,0.25,3.1500000000000004,3.8414634146341465e-05
ID000702,Manufacturing and operations,TechNova,20,61000,2008-01-29,2,A,3,0.25,3.1500000000000004,5.163934426229509e-05
ID000703,Manufacturing and operations,TechNova,15,73000,2021-02-11,3,A,3,0.5,3.3000000000000003,4.52054794520548e-05
ID000704,Manufacturing and operations,TechNova,9,88000,2006-12-21,4,A,3,0.75,3.4499999999999997,3.920454545454545e-05
ID000705,Manufacturing and operations,TechNova,6,85000,2008-01-01,4,A,3,0.75,3.4499999999999997,4.0588235294117644e-05
ID000706,Manufacturing and operations,TechNova,23,65000,2009-01-24,1,A,3,0.0,3.0,4.615384615384615e-05
ID000707,Manufacturing and operations,TechNova,6,70000,2009-04-24,4,A,3,0.75,3.4499999999999997,4.928571428571428e-05
ID000708,Manufacturing and operations,TechNova,15,68000,2007-07-06,2,A,3,0.25,3.1500000000000004,4.632352941176471e-05
ID000709,Manufacturing and operations,TechNova,24,69000,2019-01-24,1,A,3,0.0,3.0,4.347826086956522e-05
ID000710,Manufacturing and operations,TechNova,12,43000,2014-12-24,2,B,2,0.25,2.1,4.8837209302325587e-05
ID000711,Manufacturing and operations,TechNova,3,42000,2018-09-29,3,B,2,0.5,2.2,5.2380952380952384e-05
ID000712,Manufacturing and operations,TechNova,11,40000,2017-04-05,3,B,2,0.5,2.2,5.5e-05
ID000713,Manufacturing and operations,TechNova,22,32000,2019-03-12,2,B,2,0.25,2.1,6.562500000000001e-05
ID000714,Manufacturing and operations,TechNova,4,44000,2009-10-13,2,B,2,0.25,2.1,4.772727272727273e-05
ID000715,Manufacturing and operations,TechNova,3,35000,2007-07-02,3,B,2,0.5,2.2,6.285714285714286e-05
ID000716,Manufacturing and operations,TechNova,8,39000,2017-07-18,1,B,2,0.0,2.0,5.128205128205128e-05
ID000717,Manufacturing and operations,TechNova,10,44000,2010-10-19,3,B,2,0.5,2.2,5e-05
ID000718,Manufacturing and operations,TechNova,14,50000,2023-08-29,1,B,2,0.0,2.0,4e-05
ID000719,Manufacturing and operations,TechNova,6,43000,2011-08-23,5,B,2,1.0,2.4,5.581395348837209e-05
ID000720,Manufacturing and operations,TechNova,21,41000,2010-01-25,3,B,2,0.5,2.2,5.3658536585365855e-05
ID000721,Manufacturing and operations,TechNova,14,47000,2006-10-22,2,B,2,0.25,2.1,4.468085106382979e-05
ID000722,Manufacturing and operations,TechNova,16,33000,2014-05-15,2,B,2,0.25,2.1,6.363636363636364e-05
ID000723,Manufacturing and operations,TechNova,7,40000,2015-04-05,3,B,2,0.5,2.2,5.5e-05
ID000724,Manufacturing and operations,TechNova,4,32000,2013-02-27,3,B,2,0.5,2.2,6.875e-05
ID000725,Manufacturing and operations,TechNova,15,50000,2016-12-03,5,B,2,1.0,2.4,4.8e-05
ID000726,Manufacturing and operations,TechNova,16,42000,2011-07-11,4,B,2,0.75,2.3,5.476190476190476e-05
ID000727,Manufacturing and operations,TechNova,5,31000,2009-04-07,5,B,2,1.0,2.4,7.741935483870967e-05
ID000728,Manufacturing and operations,TechNova,8,41000,2007-07-25,4,B,2,0.75,2.3,5.609756097560975e-05
ID000729,Manufacturing and operations,TechNova,2,43000,2017-06-05,2,B,2,0.25,2.1,4.8837209302325587e-05
ID000730,Manufacturing and operations,TechNova,6,50000,2022-11-29,1,B,2,0.0,2.0,4e-05
ID000731,Manufacturing and operations,TechNova,3,39000,2006-10-17,3,B,2,0.5,2.2,5.6410256410256414e-05
ID000732,Manufacturing and operations,TechNova,16,40000,2022-08-26,3,B,2,0.5,2.2,5.5e-05
ID000733,Manufacturing and operations,TechNova,11,39000,2008-05-17,1,B,2,0.0,2.0,5.128205128205128e-05
ID000734,Manufacturing and operations,TechNova,12,36000,2005-10-30,1,B,2,0.0,2.0,5.555555555555556e-05
ID000735,Manufacturing and operations,TechNova,7,50000,2015-04-18,5,B,2,1.0,2.4,4.8e-05
ID000736,Manufacturing and operations,TechNova,2,38000,2004-10-24,3,B,2,0.5,2.2,5.789473684210527e-05
ID000737,Manufacturing and operations,TechNova,9,32000,2016-07-29,3,B,2,0.5,2.2,6.875e-05
ID000738,Manufacturing and operations,TechNova,25,48000,2010-11-20,3,B,2,0.5,2.2,4.5833333333333334e-05
ID000739,Manufacturing and operations,TechNova,16,31000,2019-09-15,3,B,2,0.5,2.2,7.096774193548388e-05
ID000740,Manufacturing and operations,TechNova,10,35000,2004-11-03,2,B,2,0.25,2.1,6e-05
ID000741,Manufacturing and operations,TechNova,7,41000,2006-11-24,5,B,2,1.0,2.4,5.853658536585366e-05
ID000742,Manufacturing and operations,TechNova,13,40000,2014-10-20,5,B,2,1.0,2.4,5.9999999999999995e-05
ID000743,Manufacturing and operations,TechNova,11,37000,2018-06-12,4,B,2,0.75,2.3,6.216216216216216e-05
ID000744,Manufacturing and operations,TechNova,14,41000,2008-10-25,5,B,2,1.0,2.4,5.853658536585366e-05
ID000745,Manufacturing and operations,TechNova,18,44000,2012-01-29,4,B,2,0.75,2.3,5.227272727272727e-05
ID000746,Manufacturing and operations,TechNova,23,48000,2017-12-14,3,B,2,0.5,2.2,4.5833333333333334e-05
ID000747,Manufacturing and operations,TechNova,13,45000,2020-02-21,5,B,2,1.0,2.4,5.333333333333333e-05
ID000748,Manufacturing and operations,TechNova,5,42000,2013-05-07,1,B,2,0.0,2.0,4.761904761904762e-05
ID000749,Manufacturing and operations,TechNova,24,47000,2017-11-13,4,B,2,0.75,2.3,4.8936170212765954e-05
ID000750,Manufacturing and operations,TechNova,20,48000,2011-12-16,4,B,2,0.75,2.3,4.791666666666666e-05
ID000751,Manufacturing and operations,TechNova,4,50000,2011-07-20,5,B,2,1.0,2.4,4.8e-05
ID000752,Manufacturing and operations,TechNova,8,40000,2018-06-13,1,B,2,0.0,2.0,5e-05
ID000753,Manufacturing and operations,TechNova,22,31000,2020-06-03,2,B,2,0.25,2.1,6.774193548387096e-05
ID000754,Manufacturing and operations,TechNova,2,46000,2004-12-08,4,B,2,0.75,2.3,4.9999999999999996e-05
ID000755,Manufacturing and operations,TechNova,16,31000,2009-12-09,1,B,2,0.0,2.0,6.451612903225807e-05
ID000756,Manufacturing and operations,TechNova,10,38000,2013-03-29,2,B,2,0.25,2.1,5.5263157894736845e-05
ID000757,Manufacturing and operations,TechNova,25,49000,2012-12-18,2,B,2,0.25,2.1,4.2857142857142856e-05
ID000758,Manufacturing and operations,TechNova,13,39000,2015-08-25,1,B,2,0.0,2.0,5.128205128205128e-05
ID000759,Manufacturing and operations,TechNova,8,40000,2005-06-23,1,B,2,0.0,2.0,5e-05
ID000760,Manufacturing and operations,TechNova,15,46000,2019-10-14,5,B,2,1.0,2.4,5.2173913043478256e-05
ID000761,Manufacturing and operations,TechNova,20,40000,2006-06-17,3,B,2,0.5,2.2,5.5e-05
ID000762,Manufacturing and operations,TechNova,9,48000,2024-04-17,3,B,2,0.5,2.2,4.5833333333333334e-05
ID000763,Manufacturing and operations,TechNova,9,45000,2022-11-12,4,B,2,0.75,2.3,5.111111111111111e-05
ID000764,Manufacturing and operations,TechNova,2,43000,2020-09-22,1,B,2,0.0,2.0,4.651162790697674e-05
ID000765,Manufacturing and operations,TechNova,15,40000,2006-04-07,3,B,2,0.5,2.2,5.5e-05
ID000766,Manufacturing and operations,TechNova,13,44000,2020-03-15,2,B,2,0.25,2.1,4.772727272727273e-05
ID000767,Manufacturing and operations,TechNova,19,42000,2010-12-12,5,B,2,1.0,2.4,5.714285714285714e-05
ID000768,Manufacturing and operations,TechNova,4,48000,2017-11-27,2,B,2,0.25,2.1,4.375e-05
ID000769,Manufacturing and operations,TechNova,3,49000,2023-08-01,1,B,2,0.0,2.0,4.0816326530612245e-05
ID000770,Manufacturing and operations,TechNova,13,48000,2022-05-06,5,B,2,1.0,2.4,4.9999999999999996e-05
ID000771,Manufacturing and operations,TechNova,1,41000,2014-06-24,2,B,2,0.25,2.1,5.121951219512195e-05
ID000772,Manufacturing and operations,TechNova,4,33000,2014-03-14,5,B,2,1.0,2.4,7.272727272727273e-05
ID000773,Manufacturing and operations,TechNova,18,46000,2021-11-17,4,B,2,0.75,2.3,4.9999999999999996e-05
ID000774,Manufacturing and operations,TechNova,10,40000,2023-10-14,1,B,2,0.0,2.0,5e-05
ID000775,Manufacturing and operations,TechNova,12,42000,2011-04-17,2,B,2,0.25,2.1,5e-05
ID000776,Manufacturing and operations,TechNova,8,38000,2023-06-21,4,B,2,0.75,2.3,6.052631578947368e-05
ID000777,Manufacturing and operations,TechNova,22,32000,2007-01-31,2,B,2,0.25,2.1,6.562500000000001e-05
ID000778,Manufacturing and operations,TechNova,24,17000,2015-01-20,1,C,1,0.0,1.0,5.882352941176471e-05
ID000779,Manufacturing and operations,TechNova,16,12000,2007-06-28,5,C,1,1.0,1.2,9.999999999999999e-05
ID000780,Manufacturing and operations,TechNova,4,19000,2010-06-22,4,C,1,0.75,1.15,6.052631578947368e-05
ID000781,Manufacturing and operations,TechNova,10,20000,2009-10-01,3,C,1,0.5,1.1,5.5e-05
ID000782,Manufacturing and operations,TechNova,9,16000,2013-09-26,2,C,1,0.25,1.05,6.562500000000001e-05
ID000783,Manufacturing and operations,TechNova,14,25000,2013-08-07,4,C,1,0.75,1.15,4.599999999999999e-05
ID000784,Manufacturing and operations,TechNova,25,16000,2014-02-14,5,C,1,1.0,1.2,7.5e-05
ID000785,Manufacturing and operations,TechNova,22,22000,2016-05-26,4,C,1,0.75,1.15,5.227272727272727e-05
ID000786,Manufacturing and operations,TechNova,5,27000,2018-09-08,3,C,1,0.5,1.1,4.0740740740740745e-05
ID000787,Manufacturing and operations,TechNova,5,11000,2022-05-03,4,C,1,0.75,1.15,0.00010454545454545454
ID000788,Manufacturing and operations,TechNova,8,15000,2019-09-30,3,C,1,0.5,1.1,7.333333333333334e-05
ID000789,Manufacturing and operations,TechNova,3,24000,2011-12-29,3,C,1,0.5,1.1,4.5833333333333334e-05
ID000790,Manufacturing and operations,TechNova,4,15000,2009-01-31,4,C,1,0.75,1.15,7.666666666666666e-05
ID000791,Manufacturing and operations,TechNova,9,18000,2017-12-09,4,C,1,0.75,1.15,6.388888888888888e-05
ID000792,Manufacturing and operations,TechNova,14,30000,2020-05-12,5,C,1,1.0,1.2,3.9999999999999996e-05
ID000793,Manufacturing and operations,TechNova,17,21000,2014-09-23,5,C,1,1.0,1.2,5.714285714285714e-05
ID000794,Manufacturing and operations,TechNova,21,19000,2019-01-30,2,C,1,0.25,1.05,5.5263157894736845e-05
ID000795,Manufacturing and operations,TechNova,25,12000,2005-10-08,1,C,1,0.0,1.0,8.333333333333333e-05
ID000796,Manufacturing and operations,TechNova,21,11000,2004-11-07,5,C,1,1.0,1.2,0.00010909090909090909
ID000797,Manufacturing and operations,TechNova,16,11000,2017-10-08,2,C,1,0.25,1.05,9.545454545454546e-05
ID000798,Manufacturing and operations,TechNova,23,10000,2013-02-07,3,C,1,0.5,1.1,0.00011
ID000799,Manufacturing and operations,TechNova,25,15000,2006-10-15,4,C,1,0.75,1.15,7.666666666666666e-05
ID000800,Manufacturing and operations,TechNova,3,16000,2006-03-27,2,C,1,0.25,1.05,6.562500000000001e-05
ID000801,Manufacturing and operations,DataVerse,4,65000,2010-05-29,1,A,3,0.0,3.0,4.615384615384615e-05
ID000802,Manufacturing and operations,DataVerse,6,89000,2013-11-05,2,A,3,0.25,3.1500000000000004,3.5393258426966294e-05
ID000803,Manufacturing and operations,DataVerse,24,61000,2008-01-01,1,A,3,0.0,3.0,4.9180327868852456e-05
ID000804,Manufacturing and operations,DataVerse,1,69000,2014-04-08,3,A,3,0.5,3.3000000000000003,4.782608695652174e-05
ID000805,Manufacturing and operations,DataVerse,23,73000,2024-01-20,1,A,3,0.0,3.0,4.1095890410958905e-05
ID000806,Manufacturing and operations,DataVerse,23,85000,2013-03-26,5,A,3,1.0,3.5999999999999996,4.2352941176470585e-05
ID000807,Manufacturing and operations,DataVerse,10,80000,2008-09-30,5,A,3,1.0,3.5999999999999996,4.4999999999999996e-05
ID000808,Manufacturing and operations,DataVerse,3,74000,2016-03-15,3,A,3,0.5,3.3000000000000003,4.4594594594594596e-05
ID000809,Manufacturing and operations,DataVerse,10,84000,2023-08-24,1,A,3,0.0,3.0,3.571428571428572e-05
ID000810,Manufacturing and operations,DataVerse,23,71000,2017-11-19,3,A,3,0.5,3.3000000000000003,4.647887323943662e-05
ID000811,Manufacturing and operations,DataVerse,25,88000,2019-07-28,2,A,3,0.25,3.1500000000000004,3.579545454545455e-05
ID000812,Manufacturing and operations,DataVerse,21,78000,2016-04-24,5,A,3,1.0,3.5999999999999996,4.615384615384615e-05
ID000813,Manufacturing and operations,DataVerse,16,37000,2009-06-12,3,B,2,0.5,2.2,5.9459459459459466e-05
ID000814,Manufacturing and operations,DataVerse,7,32000,2006-03-18,1,B,2,0.0,2.0,6.25e-05
ID000815,Manufacturing and operations,DataVerse,21,47000,2008-12-03,5,B,2,1.0,2.4,5.1063829787234044e-05
ID000816,Manufacturing and operations,DataVerse,2,35000,2013-11-30,1,B,2,0.0,2.0,5.714285714285714e-05
ID000817,Manufacturing and operations,DataVerse,3,33000,2010-03-19,1,B,2,0.0,2.0,6.0606060606060605e-05
ID000818,Manufacturing and operations,DataVerse,17,46000,2009-12-26,2,B,2,0.25,2.1,4.565217391304348e-05
ID000819,Manufacturing and operations,DataVerse,19,44000,2017-01-09,4,B,2,0.75,2.3,5.227272727272727e-05
ID000820,Manufacturing and operations,DataVerse,4,40000,2008-07-28,5,B,2,1.0,2.4,5.9999999999999995e-05
ID000821,Manufacturing and operations,DataVerse,23,48000,2014-12-08,2,B,2,0.25,2.1,4.375e-05
ID000822,Manufacturing and operations,DataVerse,9,31000,2018-03-24,5,B,2,1.0,2.4,7.741935483870967e-05
ID000823,Manufacturing and operations,DataVerse,2,43000,2013-05-18,5,B,2,1.0,2.4,5.581395348837209e-05
ID000824,Manufacturing and operations,DataVerse,14,34000,2015-01-22,3,B,2,0.5,2.2,6.470588235294118e-05
ID000825,Manufacturing and operations,DataVerse,10,31000,2022-09-28,5,B,2,1.0,2.4,7.741935483870967e-05
ID000826,Manufacturing and operations,DataVerse,1,37000,2019-09-24,1,B,2,0.0,2.0,5.4054054054054054e-05
ID000827,Manufacturing and operations,DataVerse,6,35000,2013-06-01,3,B,2,0.5,2.2,6.285714285714286e-05
ID000828,Manufacturing and operations,DataVerse,20,35000,2019-12-28,5,B,2,1.0,2.4,6.857142857142857e-05
ID000829,Manufacturing and operations,DataVerse,2,34000,2022-12-04,5,B,2,1.0,2.4,7.058823529411764e-05
ID000830,Manufacturing and operations,DataVerse,5,38000,2006-03-15,4,B,2,0.75,2.3,6.052631578947368e-05
ID000831,Manufacturing and operations,DataVerse,14,50000,2012-01-05,1,B,2,0.0,2.0,4e-05
ID000832,Manufacturing and operations,DataVerse,23,42000,2012-07-20,3,B,2,0.5,2.2,5.2380952380952384e-05
ID000833,Manufacturing and operations,DataVerse,11,37000,2015-09-16,4,B,2,0.75,2.3,6.216216216216216e-05
ID000834,Manufacturing and operations,DataVerse,21,36000,2012-02-22,3,B,2,0.5,2.2,6.111111111111112e-05
ID000835,Manufacturing and operations,DataVerse,14,49000,2011-02-26,4,B,2,0.75,2.3,4.693877551020408e-05
ID000836,Manufacturing and operations,DataVerse,6,45000,2021-02-14,5,B,2,1.0,2.4,5.333333333333333e-05
ID000837,Manufacturing and operations,DataVerse,5,49000,2010-08-04,4,B,2,0.75,2.3,4.693877551020408e-05
ID000838,Manufacturing and operations,DataVerse,19,50000,2010-08-30,2,B,2,0.25,2.1,4.2000000000000004e-05
ID000839,Manufacturing and operations,DataVerse,9,32000,2005-12-03,1,B,2,0.0,2.0,6.25e-05
ID000840,Manufacturing and operations,DataVerse,19,47000,2012-05-27,5,B,2,1.0,2.4,5.1063829787234044e-05
ID000841,Manufacturing and operations,DataVerse,4,35000,2018-10-03,2,B,2,0.25,2.1,6e-05
ID000842,Manufacturing and operations,DataVerse,16,33000,2020-09-06,4,B,2,0.75,2.3,6.969696969696969e-05
ID000843,Manufacturing and operations,DataVerse,25,44000,2019-02-25,5,B,2,1.0,2.4,5.4545454545454546e-05
ID000844,Manufacturing and operations,DataVerse,22,43000,2022-07-15,3,B,2,0.5,2.2,5.1162790697674425e-05
ID000845,Manufacturing and operations,DataVerse,10,45000,2008-06-13,5,B,2,1.0,2.4,5.333333333333333e-05
ID000846,Manufacturing and operations,DataVerse,17,43000,2019-11-09,4,B,2,0.75,2.3,5.348837209302325e-05
ID000847,Manufacturing and operations,DataVerse,11,39000,2006-08-08,5,B,2,1.0,2.4,6.153846153846154e-05
ID000848,Manufacturing and operations,DataVerse,9,41000,2013-03-28,5,B,2,1.0,2.4,5.853658536585366e-05
ID000849,Manufacturing and operations,DataVerse,25,32000,2019-02-14,4,B,2,0.75,2.3,7.1875e-05
ID000850,Manufacturing and operations,DataVerse,24,36000,2016-10-28,4,B,2,0.75,2.3,6.388888888888888e-05
ID000851,Manufacturing and operations,DataVerse,23,32000,2019-08-15,5,B,2,1.0,2.4,7.5e-05
ID000852,Manufacturing and operations,DataVerse,23,41000,2006-02-24,2,B,2,0.25,2.1,5.121951219512195e-05
ID000853,Manufacturing and operations,DataVerse,10,46000,2006-11-26,5,B,2,1.0,2.4,5.2173913043478256e-05
ID000854,Manufacturing and operations,DataVerse,1,45000,2014-08-19,5,B,2,1.0,2.4,5.333333333333333e-05
ID000855,Manufacturing and operations,DataVerse,19,46000,2021-05-04,3,B,2,0.5,2.2,4.782608695652174e-05
ID000856,Manufacturing and operations,DataVerse,10,42000,2013-02-23,2,B,2,0.25,2.1,5e-05
ID000857,Manufacturing and operations,DataVerse,1,49000,2010-11-12,1,B,2,0.0,2.0,4.0816326530612245e-05
ID000858,Manufacturing and operations,DataVerse,16,50000,2008-01-14,2,B,2,0.25,2.1,4.2000000000000004e-05
ID000859,Manufacturing and operations,DataVerse,2,46000,2024-05-12,2,B,2,0.25,2.1,4.565217391304348e-05
ID000860,Manufacturing and operations,DataVerse,4,33000,2019-03-31,2,B,2,0.25,2.1,6.363636363636364e-05
ID000861,Manufacturing and operations,DataVerse,19,38000,2005-03-05,2,B,2,0.25,2.1,5.5263157894736845e-05
ID000862,Manufacturing and operations,DataVerse,20,42000,2006-10-20,5,B,2,1.0,2.4,5.714285714285714e-05
ID000863,Manufacturing and operations,DataVerse,10,40000,2022-02-03,3,B,2,0.5,2.2,5.5e-05
ID000864,Manufacturing and operations,DataVerse,4,43000,2019-08-14,2,B,2,0.25,2.1,4.8837209302325587e-05
ID000865,Manufacturing and operations,DataVerse,22,44000,2011-01-25,1,B,2,0.0,2.0,4.545454545454545e-05
ID000866,Manufacturing and operations,DataVerse,16,45000,2022-01-10,2,B,2,0.25,2.1,4.666666666666667e-05
ID000867,Manufacturing and operations,DataVerse,20,34000,2012-02-13,1,B,2,0.0,2.0,5.882352941176471e-05
ID000868,Manufacturing and operations,DataVerse,4,37000,2017-09-06,1,B,2,0.0,2.0,5.4054054054054054e-05
ID000869,Manufacturing and operations,DataVerse,21,31000,2009-01-11,5,B,2,1.0,2.4,7.741935483870967e-05
ID000870,Manufacturing and operations,DataVerse,25,44000,2016-03-07,3,B,2,0.5,2.2,5e-05
ID000871,Manufacturing and operations,DataVerse,3,49000,2008-02-15,1,B,2,0.0,2.0,4.0816326530612245e-05
ID000872,Manufacturing and operations,DataVerse,19,19000,2017-06-11,3,C,1,0.5,1.1,5.789473684210527e-05
ID000873,Manufacturing and operations,DataVerse,17,10000,2019-04-07,5,C,1,1.0,1.2,0.00011999999999999999
ID000874,Manufacturing and operations,DataVerse,17,23000,2022-07-23,3,C,1,0.5,1.1,4.782608695652174e-05
ID000875,Manufacturing and operations,DataVerse,15,10000,2012-11-13,2,C,1,0.25,1.05,0.000105
ID000876,Manufacturing and operations,DataVerse,23,24000,2023-07-23,5,C,1,1.0,1.2,4.9999999999999996e-05
ID000877,Manufacturing and operations,DataVerse,22,17000,2004-09-13,2,C,1,0.25,1.05,6.176470588235295e-05
ID000878,Manufacturing and operations,DataVerse,9,29000,2004-08-07,4,C,1,0.75,1.15,3.96551724137931e-05
ID000879,Manufacturing and operations,DataVerse,23,20000,2021-02-13,1,C,1,0.0,1.0,5e-05
ID000880,Manufacturing and operations,DataVerse,10,22000,2022-01-26,5,C,1,1.0,1.2,5.4545454545454546e-05
ID000881,Manufacturing and operations,DataVerse,3,24000,2008-11-21,4,C,1,0.75,1.15,4.791666666666666e-05
ID000882,Manufacturing and operations,DataVerse,19,15000,2020-06-02,4,C,1,0.75,1.15,7.666666666666666e-05
ID000883,Manufacturing and operations,DataVerse,14,11000,2005-10-18,4,C,1,0.75,1.15,0.00010454545454545454
ID000884,Manufacturing and operations,DataVerse,25,29000,2017-03-01,3,C,1,0.5,1.1,3.793103448275862e-05
ID000885,Manufacturing and operations,DataVerse,21,11000,2021-02-26,4,C,1,0.75,1.15,0.00010454545454545454
ID000886,Manufacturing and operations,DataVerse,19,22000,2019-05-23,4,C,1,0.75,1.15,5.227272727272727e-05
ID000887,Manufacturing and operations,DataVerse,19,29000,2014-09-19,4,C,1,0.75,1.15,3.96551724137931e-05
ID000888,Manufacturing and operations,DataVerse,24,21000,2010-11-17,4,C,1,0.75,1.15,5.476190476190476e-05
ID000889,Manufacturing and operations,DataVerse,4,13000,2020-07-13,1,C,1,0.0,1.0,7.692307692307693e-05
ID000890,Manufacturing and operations,DataVerse,12,30000,2018-10-01,3,C,1,0.5,1.1,3.666666666666667e-05
ID000891,Manufacturing and operations,DataVerse,10,24000,2005-04-20,5,C,1,1.0,1.2,4.9999999999999996e-05
ID000892,Manufacturing and operations,DataVerse,20,20000,2011-11-02,2,C,1,0.25,1.05,5.25e-05
ID000893,Manufacturing and operations,DataVerse,17,20000,2009-09-27,5,C,1,1.0,1.2,5.9999999999999995e-05
ID000894,Manufacturing and operations,DataVerse,14,18000,2017-04-23,2,C,1,0.25,1.05,5.833333333333333e-05
ID000895,Manufacturing and operations,DataVerse,18,22000,2012-03-25,1,C,1,0.0,1.0,4.545454545454545e-05
ID000896,Administrative Services,TechNova,15,71000,2023-04-16,4,A,3,0.75,3.4499999999999997,4.859154929577465e-05
ID000897,Administrative Services,TechNova,13,72000,2011-01-24,2,A,3,0.25,3.1500000000000004,4.3750000000000006e-05
ID000898,Administrative Services,TechNova,23,62000,2017-06-07,1,A,3,0.0,3.0,4.838709677419355e-05
ID000899,Administrative Services,TechNova,20,38000,2008-03-03,4,B,2,0.75,2.3,6.052631578947368e-05
ID000900,Administrative Services,TechNova,2,42000,2022-02-15,3,B,2,0.5,2.2,5.2380952380952384e-05
ID000901,Administrative Services,TechNova,4,38000,2018-11-17,4,B,2,0.75,2.3,6.052631578947368e-05
ID000902,Administrative Services,TechNova,17,37000,2004-07-21,3,B,2,0.5,2.2,5.9459459459459466e-05
ID000903,Administrative Services,TechNova,13,36000,2023-09-26,2,B,2,0.25,2.1,5.833333333333333e-05
ID000904,Administrative Services,TechNova,2,37000,2023-04-04,2,B,2,0.25,2.1,5.6756756756756757e-05
ID000905,Administrative Services,TechNova,10,47000,2015-07-21,1,B,2,0.0,2.0,4.2553191489361704e-05
ID000906,Administrative Services,TechNova,25,36000,2010-10-14,2,B,2,0.25,2.1,5.833333333333333e-05
ID000907,Administrative Services,TechNova,5,42000,2006-01-27,2,B,2,0.25,2.1,5e-05
ID000908,Administrative Services,TechNova,20,35000,2020-03-30,3,B,2,0.5,2.2,6.285714285714286e-05
ID000909,Administrative Services,TechNova,15,46000,2011-01-06,3,B,2,0.5,2.2,4.782608695652174e-05
ID000910,Administrative Services,TechNova,11,39000,2006-12-28,1,B,2,0.0,2.0,5.128205128205128e-05
ID000911,Administrative Services,TechNova,2,20000,2012-07-13,1,C,1,0.0,1.0,5e-05
ID000912,Administrative Services,TechNova,7,12000,2005-11-17,4,C,1,0.75,1.15,9.583333333333332e-05
ID000913,Administrative Services,TechNova,2,28000,2023-02-19,2,C,1,0.25,1.05,3.7500000000000003e-05
ID000914,Administrative Services,TechNova,18,23000,2017-01-18,2,C,1,0.25,1.05,4.565217391304348e-05
ID000915,Administrative Services,TechNova,6,13000,2010-06-12,5,C,1,1.0,1.2,9.23076923076923e-05
ID000916,Administrative Services,DataVerse,12,90000,2014-02-20,5,A,3,1.0,3.5999999999999996,3.9999999999999996e-05
ID000917,Administrative Services,DataVerse,4,61000,2012-06-26,5,A,3,1.0,3.5999999999999996,5.901639344262294e-05
ID000918,Administrative Services,DataVerse,18,87000,2023-12-01,2,A,3,0.25,3.1500000000000004,3.620689655172414e-05
ID000919,Administrative Services,DataVerse,3,90000,2016-11-23,4,A,3,0.75,3.4499999999999997,3.833333333333333e-05
ID000920,Administrative Services,DataVerse,22,41000,2017-01-20,3,B,2,0.5,2.2,5.3658536585365855e-05
ID000921,Administrative Services,DataVerse,1,31000,2018-02-14,4,B,2,0.75,2.3,7.419354838709677e-05
ID000922,Administrative Services,DataVerse,5,39000,2018-05-20,4,B,2,0.75,2.3,5.897435897435897e-05
ID000923,Administrative Services,DataVerse,17,39000,2007-09-13,4,B,2,0.75,2.3,5.897435897435897e-05
ID000924,Administrative Services,DataVerse,7,40000,2017-04-22,4,B,2,0.75,2.3,5.7499999999999995e-05
ID000925,Administrative Services,DataVerse,24,41000,2017-11-14,4,B,2,0.75,2.3,5.609756097560975e-05
ID000926,Administrative Services,DataVerse,17,43000,2004-11-02,3,B,2,0.5,2.2,5.1162790697674425e-05
ID000927,Administrative Services,DataVerse,11,40000,2018-07-29,1,B,2,0.0,2.0,5e-05
ID000928,Administrative Services,DataVerse,24,32000,2008-09-21,4,B,2,0.75,2.3,7.1875e-05
ID000929,Administrative Services,DataVerse,17,39000,2004-09-26,3,B,2,0.5,2.2,5.6410256410256414e-05
ID000930,Administrative Services,DataVerse,1,26000,2019-10-29,5,C,1,1.0,1.2,4.615384615384615e-05
ID000931,Administrative Services,DataVerse,10,20000,2017-08-05,1,C,1,0.0,1.0,5e-05
ID000932,Administrative Services,DataVerse,18,11000,2013-06-08,4,C,1,0.75,1.15,0.00010454545454545454
ID000933,Administrative Services,DataVerse,8,12000,2024-02-17,1,C,1,0.0,1.0,8.333333333333333e-05
ID000934,Administrative Services,DataVerse,24,20000,2010-12-30,4,C,1,0.75,1.15,5.7499999999999995e-05
ID000935,Administrative Services,DataVerse,10,26000,2006-02-18,1,C,1,0.0,1.0,3.846153846153846e-05
ID000936,Quality Assurance,TechNova,18,72000,2020-08-11,5,A,3,1.0,3.5999999999999996,4.9999999999999996e-05
ID000937,Quality Assurance,TechNova,22,63000,2017-04-10,4,A,3,0.75,3.4499999999999997,5.476190476190476e-05
ID000938,Quality Assurance,TechNova,25,80000,2020-05-23,5,A,3,1.0,3.5999999999999996,4.4999999999999996e-05
ID000939,Quality Assurance,TechNova,21,79000,2018-04-30,5,A,3,1.0,3.5999999999999996,4.5569620253164554e-05
ID000940,Quality Assurance,TechNova,18,64000,2023-08-16,5,A,3,1.0,3.5999999999999996,5.624999999999999e-05
ID000941,Quality Assurance,TechNova,18,46000,2016-06-12,4,B,2,0.75,2.3,4.9999999999999996e-05
ID000942,Quality Assurance,TechNova,13,42000,2005-11-24,1,B,2,0.0,2.0,4.761904761904762e-05
ID000943,Quality Assurance,TechNova,9,40000,2008-07-14,1,B,2,0.0,2.0,5e-05
ID000944,Quality Assurance,TechNova,16,42000,2017-12-27,2,B,2,0.25,2.1,5e-05
ID000945,Quality Assurance,TechNova,10,40000,2020-01-29,5,B,2,1.0,2.4,5.9999999999999995e-05
ID000946,Quality Assurance,TechNova,15,32000,2007-10-23,3,B,2,0.5,2.2,6.875e-05
ID000947,Quality Assurance,TechNova,19,40000,2015-05-28,4,B,2,0.75,2.3,5.7499999999999995e-05
ID000948,Quality Assurance,TechNova,16,40000,2024-05-20,5,B,2,1.0,2.4,5.9999999999999995e-05
ID000949,Quality Assurance,TechNova,17,45000,2014-10-22,3,B,2,0.5,2.2,4.888888888888889e-05
ID000950,Quality Assurance,TechNova,12,50000,2022-12-08,1,B,2,0.0,2.0,4e-05
ID000951,Quality Assurance,TechNova,18,47000,2011-09-28,3,B,2,0.5,2.2,4.680851063829788e-05
ID000952,Quality Assurance,TechNova,11,39000,2012-01-02,3,B,2,0.5,2.2,5.6410256410256414e-05
ID000953,Quality Assurance,TechNova,5,42000,2018-09-07,5,B,2,1.0,2.4,5.714285714285714e-05
ID000954,Quality Assurance,TechNova,12,38000,2006-06-09,3,B,2,0.5,2.2,5.789473684210527e-05
ID000955,Quality Assurance,TechNova,12,50000,2019-02-12,3,B,2,0.5,2.2,4.4000000000000006e-05
ID000956,Quality Assurance,TechNova,11,49000,2023-04-02,3,B,2,0.5,2.2,4.4897959183673474e-05
ID000957,Quality Assurance,TechNova,8,46000,2015-11-10,2,B,2,0.25,2.1,4.565217391304348e-05
ID000958,Quality Assurance,TechNova,21,29000,2023-06-21,2,C,1,0.25,1.05,3.620689655172414e-05
ID000959,Quality Assurance,TechNova,19,16000,2006-09-15,1,C,1,0.0,1.0,6.25e-05
ID000960,Quality Assurance,TechNova,22,11000,2020-02-25,2,C,1,0.25,1.05,9.545454545454546e-05
ID000961,Quality Assurance,TechNova,22,13000,2007-04-19,1,C,1,0.0,1.0,7.692307692307693e-05
ID000962,Quality Assurance,TechNova,13,29000,2007-04-06,1,C,1,0.0,1.0,3.4482758620689657e-05
ID000963,Quality Assurance,TechNova,25,18000,2014-10-18,1,C,1,0.0,1.0,5.555555555555556e-05
ID000964,Quality Assurance,TechNova,19,26000,2004-11-07,5,C,1,1.0,1.2,4.615384615384615e-05
ID000965,Quality Assurance,TechNova,4,12000,2017-04-09,2,C,1,0.25,1.05,8.75e-05
ID000966,Quality Assurance,DataVerse,2,85000,2016-09-12,4,A,3,0.75,3.4499999999999997,4.0588235294117644e-05
ID000967,Quality Assurance,DataVerse,15,87000,2016-03-03,2,A,3,0.25,3.1500000000000004,3.620689655172414e-05
ID000968,Quality Assurance,DataVerse,24,72000,2021-02-19,2,A,3,0.25,3.1500000000000004,4.3750000000000006e-05
ID000969,Quality Assurance,DataVerse,14,72000,2020-04-10,3,A,3,0.5,3.3000000000000003,4.5833333333333334e-05
ID000970,Quality Assurance,DataVerse,17,65000,2019-01-26,4,A,3,0.75,3.4499999999999997,5.307692307692307e-05
ID000971,Quality Assurance,DataVerse,10,38000,2018-03-13,5,B,2,1.0,2.4,6.31578947368421e-05
ID000972,Quality Assurance,DataVerse,2,32000,2008-04-03,1,B,2,0.0,2.0,6.25e-05
ID000973,Quality Assurance,DataVerse,5,40000,2018-09-14,3,B,2,0.5,2.2,5.5e-05
ID000974,Quality Assurance,DataVerse,19,43000,2005-02-04,2,B,2,0.25,2.1,4.8837209302325587e-05
ID000975,Quality Assurance,DataVerse,15,36000,2010-02-25,3,B,2,0.5,2.2,6.111111111111112e-05
ID000976,Quality Assurance,DataVerse,12,49000,2008-06-07,1,B,2,0.0,2.0,4.0816326530612245e-05
ID000977,Quality Assurance,DataVerse,14,47000,2019-02-14,1,B,2,0.0,2.0,4.2553191489361704e-05
ID000978,Quality Assurance,DataVerse,15,32000,2022-04-05,5,B,2,1.0,2.4,7.5e-05
ID000979,Quality Assurance,DataVerse,7,41000,2016-06-22,3,B,2,0.5,2.2,5.3658536585365855e-05
ID000980,Quality Assurance,DataVerse,11,49000,2016-12-20,1,B,2,0.0,2.0,4.0816326530612245e-05
ID000981,Quality Assurance,DataVerse,4,31000,2022-01-16,1,B,2,0.0,2.0,6.451612903225807e-05
ID000982,Quality Assurance,DataVerse,15,50000,2011-02-08,2,B,2,0.25,2.1,4.2000000000000004e-05
ID000983,Quality Assurance,DataVerse,7,48000,2022-05-09,4,B,2,0.75,2.3,4.791666666666666e-05
ID000984,Quality Assurance,DataVerse,20,31000,2006-10-11,5,B,2,1.0,2.4,7.741935483870967e-05
ID000985,Quality Assurance,DataVerse,4,39000,2005-09-21,3,B,2,0.5,2.2,5.6410256410256414e-05
ID000986,Quality Assurance,DataVerse,9,31000,2013-05-12,2,B,2,0.25,2.1,6.774193548387096e-05
ID000987,Quality Assurance,DataVerse,22,39000,2023-07-08,3,B,2,0.5,2.2,5.6410256410256414e-05
ID000988,Quality Assurance,DataVerse,3,46000,2011-07-05,2,B,2,0.25,2.1,4.565217391304348e-05
ID000989,Quality Assurance,DataVerse,6,41000,2017-02-19,5,B,2,1.0,2.4,5.853658536585366e-05
ID000990,Quality Assurance,DataVerse,16,32000,2016-10-15,2,B,2,0.25,2.1,6.562500000000001e-05
ID000991,Quality Assurance,DataVerse,20,38000,2005-08-10,2,B,2,0.25,2.1,5.5263157894736845e-05
ID000992,Quality Assurance,DataVerse,8,22000,2018-04-29,2,C,1,0.25,1.05,4.772727272727273e-05
ID000993,Quality Assurance,DataVerse,1,23000,2017-03-04,4,C,1,0.75,1.15,4.9999999999999996e-05
ID000994,Quality Assurance,DataVerse,12,21000,2008-08-19,5,C,1,1.0,1.2,5.714285714285714e-05
ID000995,Quality Assurance,DataVerse,14,18000,2020-11-16,3,C,1,0.5,1.1,6.111111111111112e-05
ID000996,Quality Assurance,DataVerse,13,30000,2023-01-12,5,C,1,1.0,1.2,3.9999999999999996e-05
ID000997,Quality Assurance,DataVerse,3,11000,2018-01-15,4,C,1,0.75,1.15,0.00010454545454545454
ID000998,Quality Assurance,DataVerse,25,11000,2018-05-11,2,C,1,0.25,1.05,9.545454545454546e-05
ID000999,Quality Assurance,DataVerse,12,27000,2022-11-30,1,C,1,0.0,1.0,3.7037037037037037e-05
ID001000,Quality Assurance,DataVerse,20,28000,2014-10-18,1,C,1,0.0,1.0,3.571428571428572e-05
